,sequence,bpos1,bpos2,distance,1mer_A_count,1mer_G_count,1mer_C_count,1mer_T_count,2mer_AA_count,2mer_AG_count,2mer_AC_count,2mer_AT_count,2mer_GA_count,2mer_GG_count,2mer_GC_count,2mer_GT_count,2mer_CA_count,2mer_CG_count,2mer_CC_count,2mer_CT_count,2mer_TA_count,2mer_TG_count,2mer_TC_count,2mer_TT_count,3mer_AAA_count,3mer_AAG_count,3mer_AAC_count,3mer_AAT_count,3mer_AGA_count,3mer_AGG_count,3mer_AGC_count,3mer_AGT_count,3mer_ACA_count,3mer_ACG_count,3mer_ACC_count,3mer_ACT_count,3mer_ATA_count,3mer_ATG_count,3mer_ATC_count,3mer_ATT_count,3mer_GAA_count,3mer_GAG_count,3mer_GAC_count,3mer_GAT_count,3mer_GGA_count,3mer_GGG_count,3mer_GGC_count,3mer_GGT_count,3mer_GCA_count,3mer_GCG_count,3mer_GCC_count,3mer_GCT_count,3mer_GTA_count,3mer_GTG_count,3mer_GTC_count,3mer_GTT_count,3mer_CAA_count,3mer_CAG_count,3mer_CAC_count,3mer_CAT_count,3mer_CGA_count,3mer_CGG_count,3mer_CGC_count,3mer_CGT_count,3mer_CCA_count,3mer_CCG_count,3mer_CCC_count,3mer_CCT_count,3mer_CTA_count,3mer_CTG_count,3mer_CTC_count,3mer_CTT_count,3mer_TAA_count,3mer_TAG_count,3mer_TAC_count,3mer_TAT_count,3mer_TGA_count,3mer_TGG_count,3mer_TGC_count,3mer_TGT_count,3mer_TCA_count,3mer_TCG_count,3mer_TCC_count,3mer_TCT_count,3mer_TTA_count,3mer_TTG_count,3mer_TTC_count,3mer_TTT_count,label
0,GGTATACATGTGTCCACAAACACACATGCACACACA,9,25,16,5,0,5,0,2,0,3,0,0,0,0,0,4,0,1,0,0,0,0,0,1,0,1,0,0,0,0,0,3,0,0,0,0,0,0,0,0,0,0,0,0,0,0,0,0,0,0,0,0,0,0,0,1,0,3,0,0,0,0,0,1,0,0,0,0,0,0,0,0,0,0,0,0,0,0,0,0,0,0,0,0,0,0,0,cooperative
1,CCAAGCCCGCGTGCAGCCCACCTCGTGGGGTGTCTC,10,24,14,2,1,5,0,0,1,1,0,0,0,1,0,1,0,3,1,0,0,0,0,0,0,0,0,0,0,1,0,0,0,1,0,0,0,0,0,0,0,0,0,0,0,0,0,0,0,1,0,0,0,0,0,0,0,1,0,0,0,0,0,1,0,1,1,0,0,1,0,0,0,0,0,0,0,0,0,0,0,0,0,0,0,0,0,cooperative
2,AGCACGCACGCGCGGAGGTTCGCACGCGGAGAAGGG,9,25,16,1,5,2,2,0,1,0,0,1,2,1,1,1,1,0,0,0,0,1,1,0,0,0,0,0,1,0,0,0,0,0,0,0,0,0,0,0,1,0,0,1,0,0,1,1,0,0,0,0,0,0,1,0,0,1,0,0,0,1,0,0,0,0,0,0,0,0,0,0,0,0,0,0,0,0,0,0,1,0,0,0,0,1,0,cooperative
3,CCCCACTTGCCACATGTAAACCACATGCTTCTGCCA,13,24,11,3,0,2,0,2,0,1,0,0,0,0,0,1,0,1,0,0,0,0,0,1,0,1,0,0,0,0,0,0,0,1,0,0,0,0,0,0,0,0,0,0,0,0,0,0,0,0,0,0,0,0,0,0,0,1,0,0,0,0,0,1,0,0,0,0,0,0,0,0,0,0,0,0,0,0,0,0,0,0,0,0,0,0,0,cooperative
4,ACGCCCACATGCCCCTCCCCGTCCACGTGGACACGG,8,26,18,0,1,9,2,0,0,0,0,0,0,0,1,1,1,6,1,0,0,2,0,0,0,0,0,0,0,0,0,0,0,0,0,0,0,0,0,0,0,0,0,0,0,0,0,0,0,0,0,0,0,1,0,0,0,1,0,0,0,0,1,1,1,3,1,0,0,1,0,0,0,0,0,0,0,0,0,0,0,2,0,0,0,0,0,cooperative
5,CCCCGGACAACGTGCGCCGTCACGTGACGGCAGAGC,11,23,12,0,2,3,1,0,0,0,0,0,0,1,1,1,1,1,0,0,0,1,0,0,0,0,0,0,0,0,0,0,0,0,0,0,0,0,0,0,0,0,0,0,0,0,0,0,0,1,0,0,0,1,0,0,0,1,0,0,0,0,1,0,1,0,0,0,0,0,0,0,0,0,0,0,0,0,0,1,0,0,0,0,0,0,0,cooperative
6,CGAGTAGCATGTGCGGGAGACTCACGTTGCCGGCGA,10,25,15,2,4,2,1,0,1,1,0,2,2,0,0,1,0,0,1,0,0,1,0,0,0,0,0,1,0,0,0,0,0,0,1,0,0,0,0,0,1,1,0,1,1,0,0,0,0,0,0,0,0,0,0,0,0,1,0,0,0,0,0,0,0,0,0,0,0,1,0,0,0,0,0,0,0,0,0,1,0,0,0,0,0,0,0,cooperative
7,AGAACAGCATGTGCTAAGGACCATGCTTGCAGAGCC,10,24,14,3,2,2,1,1,1,1,0,1,1,0,0,1,0,1,0,1,0,0,0,0,1,0,0,0,1,0,0,0,0,1,0,0,0,0,0,0,0,1,0,1,0,0,0,0,0,0,0,0,0,0,0,0,0,0,1,0,0,0,0,1,0,0,0,0,0,0,0,1,0,0,0,0,0,0,0,0,0,0,0,0,0,0,0,cooperative
8,CAGCACCCGCGTGTTCCCCCATCACGTGCTCAGAGG,10,25,15,1,0,6,2,0,0,0,1,0,0,0,0,2,0,4,0,0,0,2,0,0,0,0,0,0,0,0,0,0,0,0,0,0,0,1,0,0,0,0,0,0,0,0,0,0,0,0,0,0,0,0,0,0,0,1,1,0,0,0,0,1,0,3,0,0,0,0,0,0,0,0,0,0,0,0,0,1,0,1,0,0,0,0,0,cooperative
9,GGCGCCTCCACGCGGAACCCCACGCGGCGCTCAGCA,11,23,12,2,0,4,0,1,0,1,0,0,0,0,0,1,0,3,0,0,0,0,0,0,0,1,0,0,0,0,0,0,0,1,0,0,0,0,0,0,0,0,0,0,0,0,0,0,0,0,0,0,0,0,0,0,0,1,0,0,0,0,0,1,0,2,0,0,0,0,0,0,0,0,0,0,0,0,0,0,0,0,0,0,0,0,0,cooperative
10,GGTACAGCGCGTGTGGGGCGCCCCCACGTGGTCAAG,10,27,17,0,5,6,0,0,0,0,0,0,3,2,0,1,1,4,0,0,0,0,0,0,0,0,0,0,0,0,0,0,0,0,0,0,0,0,0,0,0,0,0,0,2,1,0,0,1,1,0,0,0,0,0,0,0,1,0,0,0,1,0,1,0,3,0,0,0,0,0,0,0,0,0,0,0,0,0,0,0,0,0,0,0,0,0,cooperative
11,GGGGAGACGTGCACGCGCGCGCGCGTGCGTGCAAGC,14,24,10,0,2,2,0,0,0,0,0,0,0,2,0,0,2,0,0,0,0,0,0,0,0,0,0,0,0,0,0,0,0,0,0,0,0,0,0,0,0,0,0,0,0,0,0,0,2,0,0,0,0,0,0,0,0,0,0,0,0,2,0,0,0,0,0,0,0,0,0,0,0,0,0,0,0,0,0,0,0,0,0,0,0,0,0,cooperative
12,CCCCCTCCCCATGCGCGGCGCCCATGCGGACTGAGC,12,25,13,0,3,4,0,0,0,0,0,0,1,2,0,1,1,2,0,0,0,0,0,0,0,0,0,0,0,0,0,0,0,0,0,0,0,0,0,0,0,0,0,0,0,1,0,0,1,1,0,0,0,0,0,0,0,0,1,0,0,1,0,1,0,1,0,0,0,0,0,0,0,0,0,0,0,0,0,0,0,0,0,0,0,0,0,cooperative
13,GTTGAGCACGTGTAAACCAGGCCACGTGCTTACAGA,9,25,16,4,2,4,0,2,1,1,0,0,1,1,0,2,0,2,0,0,0,0,0,1,0,1,0,0,1,0,0,0,0,1,0,0,0,0,0,0,0,0,0,0,0,1,0,0,0,1,0,0,0,0,0,0,1,1,0,0,0,0,0,2,0,0,0,0,0,0,0,0,0,0,0,0,0,0,0,0,0,0,0,0,0,0,0,cooperative
14,GCTGAGCCACGTTGAGTAAATGCATGTGCACGGTCA,10,25,15,4,2,1,2,2,1,0,1,0,0,1,1,1,0,0,0,1,1,0,0,1,0,0,1,0,0,0,1,0,0,0,0,0,1,0,0,0,0,0,0,0,0,0,0,1,0,0,0,1,0,0,0,0,0,0,1,0,0,0,0,0,0,0,0,0,0,0,0,1,0,0,0,0,0,1,0,0,0,0,0,0,0,0,0,cooperative
15,ACGATGCGCCGCATGGACACCACGTTGTCGGGCACG,12,23,11,2,0,3,0,0,0,2,0,0,0,0,0,2,0,1,0,0,0,0,0,0,0,0,0,0,0,0,0,1,0,1,0,0,0,0,0,0,0,0,0,0,0,0,0,0,0,0,0,0,0,0,0,0,0,2,0,0,0,0,0,1,0,0,0,0,0,0,0,0,0,0,0,0,0,0,0,0,0,0,0,0,0,0,0,cooperative
16,CTTAGAGAACACGCGATGACCACGTGGAGCCTCCGG,10,23,13,2,2,2,1,0,0,1,1,2,0,0,0,1,0,1,0,0,1,0,0,0,0,0,0,0,0,0,0,0,0,1,0,0,1,0,0,0,0,1,1,0,0,0,0,0,0,0,0,0,0,0,0,0,0,1,0,0,0,0,0,1,0,0,0,0,0,0,0,0,0,0,0,1,0,0,0,0,0,0,0,0,0,0,0,cooperative
17,CCGCCCATGCCACGCCCCGCCACGCGTGCGCTTAGG,13,25,12,1,1,4,0,0,0,1,0,0,0,1,0,1,2,1,0,0,0,0,0,0,0,0,0,0,0,0,0,0,1,0,0,0,0,0,0,0,0,0,0,0,0,0,0,0,0,1,0,0,0,0,0,0,0,1,0,0,0,2,0,1,0,0,0,0,0,0,0,0,0,0,0,0,0,0,0,0,0,0,0,0,0,0,0,cooperative
18,GAGCCATCAGCATGGTGACCCATGTGGACAAGCTTA,11,23,12,1,1,3,1,0,0,1,0,1,0,0,0,1,0,2,0,0,1,0,0,0,0,0,0,0,0,0,0,0,0,1,0,0,0,0,0,0,0,1,0,0,0,0,0,0,0,0,0,0,0,0,0,0,0,0,1,0,0,0,0,1,0,1,0,0,0,0,0,0,0,0,0,1,0,0,0,0,0,0,0,0,0,0,0,cooperative
19,CCCCTCAGCGCATGGGTGGCGGTCACGTGCCCAGAA,11,26,15,0,5,2,2,0,0,0,0,0,2,1,2,1,1,0,0,0,1,1,0,0,0,0,0,0,0,0,0,0,0,0,0,0,0,0,0,0,0,0,0,0,0,1,1,0,1,0,0,0,1,1,0,0,0,1,0,0,1,0,0,0,0,0,0,0,0,0,0,0,0,0,0,0,1,0,0,1,0,0,0,0,0,0,0,cooperative
20,CCTCTGCACGTGGCCTCCTTCCCGCGTGCACGCCAC,9,25,16,0,0,7,3,0,0,0,0,0,0,0,0,0,1,4,2,0,0,2,1,0,0,0,0,0,0,0,0,0,0,0,0,0,0,0,0,0,0,0,0,0,0,0,0,0,0,0,0,0,0,0,0,0,0,0,0,0,0,1,0,0,1,1,2,0,0,1,1,0,0,0,0,0,0,0,0,0,0,2,0,0,0,1,0,cooperative
21,CGCCCCCTCGTGGTGGAGGCGGGCACGTGCCGGGCA,9,26,17,1,7,2,1,0,1,0,0,1,4,2,0,1,1,0,0,0,1,0,0,0,0,0,0,0,1,0,0,0,0,0,0,0,0,0,0,0,1,0,0,1,1,2,0,1,1,0,0,0,0,0,0,0,0,1,0,0,1,0,0,0,0,0,0,0,0,0,0,0,0,0,0,0,1,0,0,0,0,0,0,0,0,0,0,cooperative
22,ATGAACCTGCATGTGTGTGTCATGTGGGAAGGGAAC,12,23,11,0,2,1,2,0,0,0,0,0,0,0,2,1,0,0,0,0,1,1,0,0,0,0,0,0,0,0,0,0,0,0,0,0,0,0,0,0,0,0,0,0,0,0,0,0,0,0,0,0,1,1,0,0,0,0,1,0,0,0,0,0,0,0,0,0,0,0,0,0,0,0,0,0,0,0,1,1,0,0,0,0,0,0,0,cooperative
23,GATTCCTGCACGTGTTCGCCCACATGATGATGAAGC,11,23,12,0,1,4,1,0,0,0,0,0,0,1,0,1,1,2,0,0,0,1,0,0,0,0,0,0,0,0,0,0,0,0,0,0,0,0,0,0,0,0,0,0,0,0,0,0,0,1,0,0,0,0,0,0,0,1,0,0,0,1,0,1,0,1,0,0,0,0,0,0,0,0,0,0,0,0,0,0,1,0,0,0,0,0,0,cooperative
24,GTGAACACATGGTTATCAAGAGGCACATGCTCTTAC,8,26,18,4,3,2,3,1,2,0,1,1,1,1,0,2,0,0,0,1,0,1,1,0,1,0,0,1,1,0,0,0,0,0,0,0,0,1,0,0,1,0,0,0,0,1,0,1,0,0,0,0,0,0,0,1,0,1,0,0,0,0,0,0,0,0,0,0,0,0,0,0,0,0,1,0,0,0,0,1,0,0,0,1,0,0,0,cooperative
25,GGGGCCGCACGTGCTGCGCCTGCGCGTGGAGCGGAC,10,25,15,0,3,4,2,0,0,0,0,0,0,3,0,0,2,1,1,0,2,0,0,0,0,0,0,0,0,0,0,0,0,0,0,0,0,0,0,0,0,0,0,0,0,0,0,0,2,1,0,0,0,0,0,0,0,0,0,0,0,2,0,0,0,0,1,0,1,0,0,0,0,0,0,0,0,2,0,0,0,0,0,0,0,0,0,cooperative
26,AGTCAGTGACACGTTTTCACCCACATGTCAGTACAG,12,24,12,1,0,4,1,0,0,1,0,0,0,0,0,2,0,2,0,0,0,1,0,0,0,0,0,0,0,0,0,0,0,1,0,0,0,0,0,0,0,0,0,0,0,0,0,0,0,0,0,0,0,0,0,0,0,2,0,0,0,0,0,1,0,1,0,0,0,0,0,0,0,0,0,0,0,0,0,1,0,0,0,0,0,0,0,cooperative
27,ATTGTCTAACACGTGTGACCGCATGGATGGTGTCCT,12,22,10,1,1,2,0,0,0,1,0,1,0,0,0,0,1,1,0,0,0,0,0,0,0,0,0,0,0,0,0,0,0,1,0,0,0,0,0,0,0,1,0,0,0,0,0,0,0,0,0,0,0,0,0,0,0,0,0,0,0,1,0,0,1,0,0,0,0,0,0,0,0,0,0,0,0,0,0,0,0,0,0,0,0,0,0,cooperative
28,CCCTGCATGTGGGAAACACAGGTCCACGTGCAAGAC,8,27,19,5,3,4,1,2,1,2,0,1,1,0,1,3,0,1,0,0,0,1,0,1,0,1,0,0,1,0,0,2,0,0,0,0,0,0,0,1,0,0,0,0,0,0,1,0,0,0,0,0,0,1,0,0,1,2,0,0,0,0,0,1,0,0,0,0,0,0,0,0,0,0,0,0,0,0,0,0,0,1,0,0,0,0,0,cooperative
29,CCCGAAACCGCGTGTGCGCGCACGTGTCCCCGCGAT,13,23,10,0,2,2,0,0,0,0,0,0,0,2,0,1,1,0,0,0,0,0,0,0,0,0,0,0,0,0,0,0,0,0,0,0,0,0,0,0,0,0,0,0,0,0,0,1,1,0,0,0,0,0,0,0,0,1,0,0,0,1,0,0,0,0,0,0,0,0,0,0,0,0,0,0,0,0,0,0,0,0,0,0,0,0,0,cooperative
30,GCTGGGCCTCGTGGGCGCGTTCCGCGTGGGTTCTGG,10,25,15,0,3,4,2,0,0,0,0,0,0,2,1,0,3,1,0,0,0,1,1,0,0,0,0,0,0,0,0,0,0,0,0,0,0,0,0,0,0,0,0,0,0,0,0,0,2,0,0,0,0,0,1,0,0,0,0,0,0,2,1,0,1,0,0,0,0,0,0,0,0,0,0,0,0,0,0,0,0,1,0,0,0,1,0,cooperative
31,CCCTCCGCACATGGTGCGAGCCATGCGCGGGGCGTG,10,24,14,1,3,3,1,0,1,0,0,1,0,2,0,1,1,1,0,0,1,0,0,0,0,0,0,0,0,1,0,0,0,0,0,0,0,0,0,0,1,0,0,0,0,0,0,0,1,1,0,0,0,0,0,0,0,0,1,1,0,0,0,1,0,0,0,0,0,0,0,0,0,0,0,0,0,1,0,0,0,0,0,0,0,0,0,cooperative
32,GGCCACCCCCACATGTCCCCATGTGTGTAAAACATA,12,22,10,0,0,4,0,0,0,0,0,0,0,0,0,1,0,3,0,0,0,0,0,0,0,0,0,0,0,0,0,0,0,0,0,0,0,0,0,0,0,0,0,0,0,0,0,0,0,0,0,0,0,0,0,0,0,0,1,0,0,0,0,1,0,2,0,0,0,0,0,0,0,0,0,0,0,0,0,0,0,0,0,0,0,0,0,cooperative
33,CCTAAAGCATGGCAGGAAAGCAAACATGTGGCTTTT,8,27,19,7,3,3,0,4,2,1,0,1,1,1,0,3,0,0,0,0,0,0,0,2,1,1,0,0,1,1,0,1,0,0,0,0,0,0,0,1,0,0,0,1,0,0,0,1,0,0,0,0,0,0,0,1,1,0,1,0,0,0,0,0,0,0,0,0,0,0,0,0,0,0,0,0,0,0,0,0,0,0,0,0,0,0,0,cooperative
34,AGGCTTTCACGTGTGTCATCTCACGTGATCTTCTGG,10,24,14,1,1,3,3,0,0,0,1,0,0,0,1,2,0,0,1,0,0,3,0,0,0,0,0,0,0,0,0,0,0,0,0,0,0,1,0,0,0,0,0,0,0,0,0,0,0,0,0,0,0,1,0,0,0,1,1,0,0,0,0,0,0,0,0,0,0,1,0,0,0,0,0,0,0,0,0,2,0,0,1,0,0,0,0,cooperative
35,TGGCCGCACATGTACGGGTATGCATGTGCTTCCATA,9,25,16,2,4,2,2,0,0,1,1,0,2,1,1,1,1,0,0,1,1,0,0,0,0,0,0,0,0,0,0,0,1,0,0,0,1,0,0,0,0,0,0,0,1,0,1,1,0,0,0,1,0,0,0,0,0,0,1,0,1,0,0,0,0,0,0,0,0,0,0,0,0,0,1,0,0,1,0,0,0,0,0,0,0,0,0,cooperative
36,CCCCGCCCCGGCACGTGCGCGCGCGTGGTCTGCCAG,14,24,10,0,2,2,0,0,0,0,0,0,0,2,0,0,2,0,0,0,0,0,0,0,0,0,0,0,0,0,0,0,0,0,0,0,0,0,0,0,0,0,0,0,0,0,0,0,2,0,0,0,0,0,0,0,0,0,0,0,0,2,0,0,0,0,0,0,0,0,0,0,0,0,0,0,0,0,0,0,0,0,0,0,0,0,0,cooperative
37,GCGTGTTGCATGCTGCCTCGCACGTGAAGGCAGGGC,11,23,12,0,1,4,1,0,0,0,0,0,0,1,0,1,1,1,1,0,0,1,0,0,0,0,0,0,0,0,0,0,0,0,0,0,0,0,0,0,0,0,0,0,0,0,0,1,0,0,0,0,0,0,0,0,0,1,0,0,0,1,0,0,0,0,1,0,0,1,0,0,0,0,0,0,0,0,0,0,1,0,0,0,0,0,0,cooperative
38,GTGTGCGCGCGTGCGAGTGTGCGCGTGTGCAGTCCC,10,26,16,1,5,2,2,0,1,0,0,1,0,2,2,0,2,0,0,0,2,0,0,0,0,0,0,0,0,0,1,0,0,0,0,0,0,0,0,0,1,0,0,0,0,0,0,0,2,0,0,0,2,0,0,0,0,0,0,0,0,1,1,0,0,0,0,0,0,0,0,0,0,0,0,0,0,1,1,0,0,0,0,0,0,0,0,cooperative
39,TGAGCAACCACGCTGTCCATGTCCCACGAGGCCTAC,11,27,16,1,1,5,3,0,0,0,1,0,0,0,1,2,0,3,0,0,1,2,0,0,0,0,0,0,0,0,0,0,0,0,0,0,1,0,0,0,0,0,0,0,0,0,0,0,0,0,0,0,0,1,0,0,0,1,1,0,0,0,0,2,0,1,0,0,0,0,0,0,0,0,0,0,0,0,1,0,0,2,0,0,0,0,0,cooperative
40,CAGAGACCGCGTGTGGTCATGACACGTGCCTTCCCA,12,25,13,2,1,2,2,0,0,1,1,1,0,0,0,2,0,0,0,0,1,1,0,0,0,0,0,0,0,0,0,1,0,0,0,0,1,0,0,0,0,1,0,0,0,0,0,0,0,0,0,0,0,0,0,0,0,1,1,0,0,0,0,0,0,0,0,0,0,0,0,0,0,0,0,1,0,0,0,1,0,0,0,0,0,0,0,cooperative
41,CAAACAGCCACATGGAATGGCCATGTGTAGGTGTTC,11,24,13,2,2,2,1,1,0,0,1,0,1,1,0,1,0,1,0,0,1,0,0,0,0,0,1,0,0,0,0,0,0,0,0,0,1,0,0,0,0,0,0,0,0,1,0,0,0,1,0,0,0,0,0,0,0,0,1,0,0,0,0,1,0,0,0,0,0,0,0,0,0,0,0,0,1,0,0,0,0,0,0,0,0,0,0,cooperative
42,CCTGCTCCACGTGTGCCTCTCGCACGTGGCTCCCCA,10,25,15,0,2,5,2,0,0,0,0,0,0,2,0,1,1,1,2,0,0,2,0,0,0,0,0,0,0,0,0,0,0,0,0,0,0,0,0,0,0,0,0,0,0,0,0,1,0,1,0,0,0,0,0,0,0,1,0,0,0,1,0,0,0,0,1,0,0,2,0,0,0,0,0,0,0,0,0,0,1,0,1,0,0,0,0,cooperative
43,CCCCTGCGCATGTGGGCTGCCTGACATGTGCCACTC,11,27,16,1,3,4,2,0,0,1,0,1,0,2,0,1,0,1,2,0,2,0,0,0,0,0,0,0,0,0,0,1,0,0,0,0,0,0,0,0,0,1,0,0,0,0,0,0,0,1,1,0,0,0,0,0,0,0,1,0,0,0,0,0,0,0,1,0,2,0,0,0,0,0,0,1,0,1,0,0,0,0,0,0,0,0,0,cooperative
44,TGCGCGCGCATGTGAGTGCGCACGTGAGTGAGTGTG,5,23,18,2,5,2,3,0,1,0,1,1,0,2,2,1,1,0,0,0,3,0,0,0,0,0,0,0,0,0,1,0,0,0,0,0,1,0,0,0,1,0,0,0,0,0,0,1,1,0,0,0,2,0,0,0,0,1,0,0,0,1,0,0,0,0,0,0,0,0,0,0,0,0,0,1,0,1,1,0,0,0,0,0,0,0,0,cooperative
45,CCCGCGCGTGCGCGCCCCCGCCGCCGCGTGTGAGTG,7,27,20,0,4,10,0,0,0,0,0,0,0,4,0,0,4,6,0,0,0,0,0,0,0,0,0,0,0,0,0,0,0,0,0,0,0,0,0,0,0,0,0,0,0,0,0,0,1,3,0,0,0,0,0,0,0,0,0,0,0,4,0,0,3,3,0,0,0,0,0,0,0,0,0,0,0,0,0,0,0,0,0,0,0,0,0,cooperative
46,GGTCTCACCTCGTGGCCTAAACACGCGTCAGAGTGG,11,24,13,3,0,3,1,2,0,1,0,0,0,0,0,1,0,1,1,1,0,0,0,1,0,1,0,0,0,0,0,1,0,0,0,0,0,0,0,0,0,0,0,0,0,0,0,0,0,0,0,0,0,0,0,0,0,1,0,0,0,0,0,0,0,0,1,1,0,0,0,1,0,0,0,0,0,0,0,0,0,0,0,0,0,0,0,cooperative
47,GACTGTCACGTGGCGCCGGAGTTCACGTGACTCGTA,9,26,17,1,4,4,2,0,1,0,0,1,1,1,1,1,2,1,0,0,0,1,1,0,0,0,0,0,0,0,1,0,0,0,0,0,0,0,0,0,1,0,0,1,0,0,0,0,0,1,0,0,0,0,1,0,0,1,0,0,1,1,0,0,1,0,0,0,0,0,0,0,0,0,0,0,0,0,0,1,0,0,0,0,0,1,0,cooperative
48,AGTTCCTCATGTGGTTATAATCCATGTGTAGTAGTT,10,25,15,3,0,2,4,1,0,0,2,0,0,0,0,1,0,1,0,2,0,1,1,0,0,0,1,0,0,0,0,0,0,0,0,1,0,1,0,0,0,0,0,0,0,0,0,0,0,0,0,0,0,0,0,0,0,0,1,0,0,0,0,1,0,0,0,0,0,0,0,1,0,0,1,0,0,0,0,0,0,1,0,1,0,0,0,cooperative
49,ACGCACCACGTGGATGCTTTGCCACGTGCTCAGTTA,9,25,16,1,2,3,4,0,0,0,1,0,0,2,0,1,0,1,1,0,2,0,2,0,0,0,0,0,0,0,0,0,0,0,0,0,1,0,0,0,0,0,0,0,0,0,0,0,0,1,1,0,0,0,0,0,0,1,0,0,0,0,0,1,0,0,0,0,0,0,1,0,0,0,0,0,0,2,0,0,0,0,0,0,1,0,1,cooperative
50,CAGGACAGCGTGCACGGGGCAGGCGCGTGGTGTGTC,9,26,17,2,6,3,0,0,1,1,0,0,4,2,0,1,2,0,0,0,0,0,0,0,0,0,0,0,1,0,0,0,1,0,0,0,0,0,0,0,0,0,0,0,2,2,0,1,1,0,0,0,0,0,0,0,1,0,0,0,1,1,0,0,0,0,0,0,0,0,0,0,0,0,0,0,0,0,0,0,0,0,0,0,0,0,0,cooperative
51,GACCCAGTCACATGGGGAACCATGTGGAGGCCGAGA,11,23,12,2,2,2,0,1,0,1,0,1,1,0,0,1,0,1,0,0,0,0,0,0,0,1,0,0,0,0,0,0,0,1,0,0,0,0,0,1,0,0,0,1,0,0,0,0,0,0,0,0,0,0,0,0,0,0,1,0,0,0,0,1,0,0,0,0,0,0,0,0,0,0,0,0,0,0,0,0,0,0,0,0,0,0,0,cooperative
52,AAAAGGAGGCACATGCCTGCCACATGAGGAAAACCC,12,23,11,0,1,3,1,0,0,0,0,0,0,1,0,1,0,1,1,0,1,0,0,0,0,0,0,0,0,0,0,0,0,0,0,0,0,0,0,0,0,0,0,0,0,0,0,0,0,1,0,0,0,0,0,0,0,1,0,0,0,0,0,1,0,0,0,0,1,0,0,0,0,0,0,0,0,1,0,0,0,0,0,0,0,0,0,cooperative
53,GCTATCACATGGAAAAACTGTGCATGCGTGCGCACT,8,25,17,5,2,2,2,4,0,1,0,0,0,1,1,1,0,0,1,0,2,0,0,3,0,1,0,0,0,0,0,0,0,0,1,0,0,0,0,0,0,0,0,0,0,0,0,1,0,0,0,0,1,0,0,0,0,0,1,0,0,0,0,0,0,0,0,0,1,0,0,0,0,0,0,0,0,1,1,0,0,0,0,0,0,0,0,cooperative
54,GTCTGCACGTGTGCACACACATGCACGTGCACCTGT,8,26,18,4,2,5,1,0,0,3,1,0,0,2,0,5,0,0,0,0,1,0,0,0,0,0,0,0,0,0,0,3,0,0,0,0,1,0,0,0,0,0,0,0,0,0,0,2,0,0,0,0,0,0,0,0,0,4,1,0,0,0,0,0,0,0,0,0,0,0,0,0,0,0,0,0,0,1,0,0,0,0,0,0,0,0,0,cooperative
55,CCTAAACGCGTGTGGCCCAGGGCCATGTGGATGCCA,11,26,15,1,3,5,0,0,1,0,0,0,2,1,0,2,0,3,0,0,0,0,0,0,0,0,0,0,1,0,0,0,0,0,0,0,0,0,0,0,0,0,0,0,1,1,0,0,0,1,0,0,0,0,0,0,1,0,1,0,0,0,0,2,0,1,0,0,0,0,0,0,0,0,0,0,0,0,0,0,0,0,0,0,0,0,0,cooperative
56,TCTAATCCACGTGGGGAATAACATGCGGGCCTGCAG,10,24,14,4,2,1,1,2,0,1,1,1,1,0,0,1,0,0,0,1,0,0,0,0,0,1,1,0,0,0,0,1,0,0,0,1,0,0,0,1,0,0,0,1,0,0,0,0,0,0,0,0,0,0,0,0,0,0,1,0,0,0,0,0,0,0,0,0,0,0,0,1,0,0,0,0,0,0,0,0,0,0,0,0,0,0,0,cooperative
57,AGGCATTTCATGTGCATATGCACATGCACACAATAT,11,23,12,2,1,1,2,0,0,0,2,0,0,1,0,1,0,0,0,1,1,0,0,0,0,0,0,0,0,0,0,0,0,0,0,1,1,0,0,0,0,0,0,0,0,0,0,1,0,0,0,0,0,0,0,0,0,1,0,0,0,0,0,0,0,0,0,0,0,0,0,0,0,0,1,0,0,1,0,0,0,0,0,0,0,0,0,cooperative
58,CTCGGGCATGCGTTTTGGTTTACACGCGGCCAGGTT,9,25,16,1,2,1,6,0,0,1,0,0,1,0,1,1,0,0,0,1,1,0,4,0,0,0,0,0,0,0,0,1,0,0,0,0,0,0,0,0,0,0,0,0,0,0,1,0,0,0,0,0,0,0,1,0,0,1,0,0,0,0,0,0,0,0,0,0,0,0,0,0,0,1,0,0,1,0,0,0,0,0,0,1,1,0,2,cooperative
59,CCTGGGAGCCACGTGCTGGCCATGTGGCCAGGGACG,12,23,11,0,2,2,1,0,0,0,0,0,1,1,0,1,0,1,0,0,1,0,0,0,0,0,0,0,0,0,0,0,0,0,0,0,0,0,0,0,0,0,0,0,0,1,0,0,0,1,0,0,0,0,0,0,0,0,1,0,0,0,0,1,0,0,0,0,0,0,0,0,0,0,0,0,1,0,0,0,0,0,0,0,0,0,0,cooperative
60,CCCATGCAGCATGTGGTCCCACATGCAGGGTGAAGA,12,22,10,0,0,3,1,0,0,0,0,0,0,0,0,1,0,2,0,0,0,1,0,0,0,0,0,0,0,0,0,0,0,0,0,0,0,0,0,0,0,0,0,0,0,0,0,0,0,0,0,0,0,0,0,0,0,1,0,0,0,0,0,1,0,1,0,0,0,0,0,0,0,0,0,0,0,0,0,0,0,1,0,0,0,0,0,cooperative
61,GAAGCCATGTGTCCCCAGCAGGACATGTGGGAGGAG,8,26,18,3,3,6,0,0,2,1,0,1,1,1,0,3,0,3,0,0,0,0,0,0,0,0,0,0,1,1,0,1,0,0,0,0,0,0,0,0,0,1,0,1,0,0,0,1,0,0,0,0,0,0,0,0,2,0,1,0,0,0,0,1,0,2,0,0,0,0,0,0,0,0,0,0,0,0,0,0,0,0,0,0,0,0,0,cooperative
62,CTGGGGCATGTGCCTCTCCTGCACATGTGTGTCTGC,9,24,15,0,1,5,3,0,0,0,0,0,0,1,0,1,0,1,3,0,1,2,0,0,0,0,0,0,0,0,0,0,0,0,0,0,0,0,0,0,0,0,0,0,0,0,0,1,0,0,0,0,0,0,0,0,0,1,0,0,0,0,0,0,0,0,1,0,1,2,0,0,0,0,0,0,0,1,0,0,0,1,1,0,0,0,0,cooperative
63,TCTGGAAGCCATGTGGAGGCCACATGGAATGCAAGT,12,23,11,1,2,2,0,0,1,0,0,0,1,1,0,1,0,1,0,0,0,0,0,0,0,0,0,0,1,0,0,0,0,0,0,0,0,0,0,0,0,0,0,0,0,1,0,0,0,1,0,0,0,0,0,0,0,1,0,0,0,0,0,1,0,0,0,0,0,0,0,0,0,0,0,0,0,0,0,0,0,0,0,0,0,0,0,cooperative
64,CCGCGGGCCCATGTGAGCGCCATGCGGCGCCGCGCA,12,23,11,0,2,3,0,0,0,0,0,0,0,2,0,1,1,1,0,0,0,0,0,0,0,0,0,0,0,0,0,0,0,0,0,0,0,0,0,0,0,0,0,0,0,0,0,0,1,1,0,0,0,0,0,0,0,0,1,0,0,1,0,1,0,0,0,0,0,0,0,0,0,0,0,0,0,0,0,0,0,0,0,0,0,0,0,cooperative
65,GGCAGGCCGCGTGGCCGGGTCCCATGTGCTCCACCT,10,25,15,0,3,5,1,0,0,0,0,0,2,0,1,1,1,3,0,0,0,1,0,0,0,0,0,0,0,0,0,0,0,0,0,0,0,0,0,0,0,0,0,0,1,0,1,0,0,0,0,0,0,1,0,0,0,0,1,0,1,0,0,1,1,1,0,0,0,0,0,0,0,0,0,0,0,0,0,0,0,1,0,0,0,0,0,cooperative
66,TGAACGCGCACGTGGAGGCTCACGTGGAGGAGGAGG,11,23,12,1,2,2,1,0,1,0,0,0,1,1,0,1,0,0,1,0,0,1,0,0,0,0,0,0,1,0,0,0,0,0,0,0,0,0,0,0,0,0,0,0,0,1,0,0,0,0,1,0,0,0,0,0,0,1,0,0,0,0,0,0,0,0,0,0,0,1,0,0,0,0,0,0,0,0,0,1,0,0,0,0,0,0,0,cooperative
67,CCCCCCACGTTATCACTGGCCCCCATGAGGGAGACA,8,26,18,1,2,7,2,0,0,1,0,0,1,1,0,2,0,4,1,0,1,1,0,0,0,0,0,0,0,0,0,0,0,0,1,0,0,0,0,0,0,0,0,0,0,1,0,0,0,1,0,0,0,0,0,0,0,1,1,0,0,0,0,1,0,3,0,0,1,0,0,0,0,0,0,0,1,0,0,1,0,0,0,0,0,0,0,cooperative
68,GTCAAATGACATGTGGCTAAAGCATGGAAGGATATC,12,23,11,3,0,1,1,2,1,0,0,0,0,0,0,0,0,0,1,1,0,0,0,1,1,0,0,0,0,1,0,0,0,0,0,0,0,0,0,0,0,0,0,0,0,0,0,0,0,0,0,0,0,0,0,0,0,0,0,0,0,0,0,0,0,0,0,1,0,0,0,1,0,0,0,0,0,0,0,0,0,0,0,0,0,0,0,cooperative
69,GACTGAGCCCCACGAGGCAAGCACGTGTCTGTTCCT,13,24,11,2,1,2,0,1,1,0,0,0,0,1,0,2,0,0,0,0,0,0,0,0,1,0,0,0,0,1,0,0,0,0,0,0,0,0,0,0,0,0,0,0,0,0,0,1,0,0,0,0,0,0,0,1,0,1,0,0,0,0,0,0,0,0,0,0,0,0,0,0,0,0,0,0,0,0,0,0,0,0,0,0,0,0,0,cooperative
70,TGCCAGCATGTGGATTGCAGTCCCATGTGCCTGGAT,9,26,17,2,2,4,3,0,1,0,1,0,0,1,1,2,0,2,0,0,1,1,1,0,0,0,0,0,0,0,1,0,0,0,0,0,0,0,1,0,0,0,0,0,0,0,0,1,0,0,0,0,0,1,0,0,1,0,1,0,0,0,0,1,0,1,0,0,0,0,0,0,0,0,0,0,0,1,0,0,0,1,0,0,1,0,0,cooperative
71,AACCTCAACATGTGCTTTGACCATGTGCCTCCCAGG,11,24,13,1,1,2,3,0,0,1,0,1,0,0,0,1,0,1,0,0,1,0,2,0,0,0,0,0,0,0,0,0,0,1,0,0,0,0,0,0,0,1,0,0,0,0,0,0,0,0,0,0,0,0,0,0,0,0,1,0,0,0,0,1,0,0,0,0,0,0,0,0,0,0,0,1,0,0,0,0,0,0,0,0,1,0,1,cooperative
72,GGAGGCCACGCGCGGCGATTTGCCACGCGCCGCGTC,9,26,17,1,4,3,3,0,0,0,1,1,1,2,0,1,1,1,0,0,1,0,2,0,0,0,0,0,0,0,0,0,0,0,0,0,0,0,1,0,0,0,1,0,0,1,0,0,1,1,0,0,0,0,0,0,0,1,0,1,0,0,0,1,0,0,0,0,0,0,0,0,0,0,0,0,0,1,0,0,0,0,0,0,1,0,1,cooperative
73,GTGAATACATGTGGGAGGCTCACATGTGACACCAAG,10,23,13,1,3,2,1,0,1,0,0,1,1,1,0,1,0,0,1,0,0,1,0,0,0,0,0,0,1,0,0,0,0,0,0,0,0,0,0,0,1,0,0,0,0,1,0,0,0,0,1,0,0,0,0,0,0,1,0,0,0,0,0,0,0,0,0,0,0,1,0,0,0,0,0,0,0,0,0,1,0,0,0,0,0,0,0,cooperative
74,TTGCACGCACGCGTACCCCCCCGCACGCATGCGCAC,10,30,20,2,2,10,0,0,0,2,0,0,0,2,0,2,2,6,0,0,0,0,0,0,0,0,0,0,0,0,0,0,1,1,0,0,0,0,0,0,0,0,0,0,0,0,0,2,0,0,0,0,0,0,0,0,0,1,1,0,0,2,0,0,1,5,0,0,0,0,0,0,0,0,0,0,0,0,0,0,0,0,0,0,0,0,0,cooperative
75,TGCAGGGTCACATGGGGAAGCCACATGGGATGATCA,11,24,13,2,3,2,0,1,1,0,0,1,1,1,0,1,0,1,0,0,0,0,0,0,1,0,0,0,0,1,0,0,0,0,0,0,0,0,0,1,0,0,0,1,0,0,0,0,0,1,0,0,0,0,0,0,0,1,0,0,0,0,0,1,0,0,0,0,0,0,0,0,0,0,0,0,0,0,0,0,0,0,0,0,0,0,0,cooperative
76,GGTCGCCATCACGTGACTCCCATGCGCCCTGGCCCT,12,23,11,0,0,4,1,0,0,0,0,0,0,0,0,1,0,2,1,0,0,1,0,0,0,0,0,0,0,0,0,0,0,0,0,0,0,0,0,0,0,0,0,0,0,0,0,0,0,0,0,0,0,0,0,0,0,0,1,0,0,0,0,1,0,1,0,0,0,1,0,0,0,0,0,0,0,0,0,0,0,1,0,0,0,0,0,cooperative
77,CGCTGCCGCGTGGCCCTCCTCGCGCGTGCACGGCAG,9,25,16,0,1,7,2,0,0,0,0,0,0,1,0,0,2,3,2,0,0,2,0,0,0,0,0,0,0,0,0,0,0,0,0,0,0,0,0,0,0,0,0,0,0,0,0,0,1,0,0,0,0,0,0,0,0,0,0,0,0,2,0,0,0,1,2,0,0,2,0,0,0,0,0,0,0,0,0,0,1,1,0,0,0,0,0,cooperative
78,CTTCCCCGTCACGTGAGCCCCACGCGGGGCCAATGG,12,23,11,0,1,4,0,0,0,0,0,0,0,1,0,1,0,3,0,0,0,0,0,0,0,0,0,0,0,0,0,0,0,0,0,0,0,0,0,0,0,0,0,0,0,0,0,0,0,1,0,0,0,0,0,0,0,1,0,0,0,0,0,1,0,2,0,0,0,0,0,0,0,0,0,0,0,0,0,0,0,0,0,0,0,0,0,cooperative
79,CCCCGAAGCACGCGCGCACCCACGCGGCCGCGGCTT,11,23,12,1,1,4,0,0,0,1,0,0,0,1,0,2,0,2,0,0,0,0,0,0,0,0,0,0,0,0,0,0,0,1,0,0,0,0,0,0,0,0,0,0,0,0,0,1,0,0,0,0,0,0,0,0,0,2,0,0,0,0,0,1,0,1,0,0,0,0,0,0,0,0,0,0,0,0,0,0,0,0,0,0,0,0,0,cooperative
80,CCTGCCACACGTTTCTTCCCCCATGTGGTCCTCATC,10,24,14,0,0,6,2,0,0,0,0,0,0,0,0,1,0,4,1,0,0,1,1,0,0,0,0,0,0,0,0,0,0,0,0,0,0,0,0,0,0,0,0,0,0,0,0,0,0,0,0,0,0,0,0,0,0,0,1,0,0,0,0,1,0,3,0,0,0,0,1,0,0,0,0,0,0,0,0,0,0,1,0,0,0,1,0,cooperative
81,CTGCTCCATGTGTCCCCTCGGCCACGTGGCCCCAGC,9,25,16,0,2,7,1,0,0,0,0,0,1,1,0,1,1,4,1,0,0,1,0,0,0,0,0,0,0,0,0,0,0,0,0,0,0,0,0,0,0,0,0,0,0,1,0,0,0,1,0,0,0,0,0,0,0,1,0,0,1,0,0,1,0,2,1,0,0,1,0,0,0,0,0,0,0,0,0,0,1,0,0,0,0,0,0,cooperative
82,GCGACTGCGCATGCGGGAGCATGTGATGAAGAATGT,10,22,12,1,4,1,0,0,1,0,0,1,2,1,0,1,0,0,0,0,0,0,0,0,0,0,0,0,0,1,0,0,0,0,0,0,0,0,0,0,1,0,0,1,1,0,0,1,0,0,0,0,0,0,0,0,0,0,1,0,0,0,0,0,0,0,0,0,0,0,0,0,0,0,0,0,0,0,0,0,0,0,0,0,0,0,0,cooperative
83,TTTCGATACGCATGTTGAACCCGCGTGTAACCCCAC,13,24,11,2,0,3,0,1,0,1,0,0,0,0,0,0,1,2,0,0,0,0,0,0,0,1,0,0,0,0,0,0,0,1,0,0,0,0,0,0,0,0,0,0,0,0,0,0,0,0,0,0,0,0,0,0,0,0,0,0,0,1,0,0,1,1,0,0,0,0,0,0,0,0,0,0,0,0,0,0,0,0,0,0,0,0,0,cooperative
84,TCTCTGCCACGTTTTGACCCAGCATGTGGCCCTCAT,10,25,15,2,2,4,1,0,1,1,0,1,0,1,0,2,0,2,0,0,1,0,0,0,0,0,0,0,0,1,0,0,0,1,0,0,0,0,0,0,0,1,0,0,0,0,0,1,0,0,0,0,0,0,0,0,1,0,1,0,0,0,0,1,0,1,0,0,0,0,0,0,0,0,0,1,0,0,0,0,0,0,0,0,0,0,0,cooperative
85,CCGGCCGTCACGTGGGAGGTCACGTGGGTGGTTTGT,11,23,12,1,3,1,1,0,1,0,0,1,1,0,1,1,0,0,0,0,0,1,0,0,0,0,0,0,1,0,0,0,0,0,0,0,0,0,0,0,1,0,0,0,0,0,1,0,0,0,0,0,0,1,0,0,0,1,0,0,0,0,0,0,0,0,0,0,0,0,0,0,0,0,0,0,0,0,0,1,0,0,0,0,0,0,0,cooperative
86,TTACAACACGCATGCGCCAAGCCCACGCGGTTCCGG,13,26,13,2,1,4,0,1,1,0,0,0,0,1,0,2,0,2,0,0,0,0,0,0,1,0,0,0,0,1,0,0,0,0,0,0,0,0,0,0,0,0,0,0,0,0,0,0,0,1,0,0,0,0,0,1,0,1,0,0,0,0,0,1,0,1,0,0,0,0,0,0,0,0,0,0,0,0,0,0,0,0,0,0,0,0,0,cooperative
87,ACCCAAGCCCTCGTGCTCCCACGCGGGTTTCACCGA,12,22,10,0,0,3,1,0,0,0,0,0,0,0,0,1,0,2,0,0,0,1,0,0,0,0,0,0,0,0,0,0,0,0,0,0,0,0,0,0,0,0,0,0,0,0,0,0,0,0,0,0,0,0,0,0,0,1,0,0,0,0,0,1,0,1,0,0,0,0,0,0,0,0,0,0,0,0,0,0,0,1,0,0,0,0,0,cooperative
88,AACATATACCACGCTGTTGTCATGTGGTCAGCTATG,12,23,11,0,1,1,3,0,0,0,0,0,0,0,1,1,0,0,0,0,1,1,1,0,0,0,0,0,0,0,0,0,0,0,0,0,0,0,0,0,0,0,0,0,0,0,0,0,0,0,0,0,0,1,0,0,0,0,1,0,0,0,0,0,0,0,0,0,0,0,0,0,0,0,0,0,0,0,1,1,0,0,0,0,1,0,0,cooperative
89,CACATTTCACGTGCTCAGCAGCCACGTGGTTACTGT,10,25,15,2,2,4,1,0,2,0,0,0,0,2,0,3,0,1,0,0,0,1,0,0,0,0,0,0,0,2,0,0,0,0,0,0,0,0,0,0,0,0,0,0,0,0,0,1,0,1,0,0,0,0,0,0,2,1,0,0,0,0,0,1,0,0,0,0,0,0,0,0,0,0,0,0,0,0,0,1,0,0,0,0,0,0,0,cooperative
90,CAGCAGGGCATGTGTTTATACCATGTGGCTAAATGC,11,24,13,2,0,2,3,0,0,1,1,0,0,0,0,1,0,1,0,2,0,0,1,0,0,0,0,0,0,0,0,0,0,1,0,1,0,0,0,0,0,0,0,0,0,0,0,0,0,0,0,0,0,0,0,0,0,0,1,0,0,0,0,1,0,0,0,0,0,0,0,0,0,1,1,0,0,0,0,0,0,0,0,1,0,0,0,cooperative
91,GGGCGTCTGCGCATGCGCACTCCCACGCGGACGATG,12,26,14,1,1,5,1,0,0,1,0,0,0,1,0,2,0,2,1,0,0,1,0,0,0,0,0,0,0,0,0,0,0,0,1,0,0,0,0,0,0,0,0,0,0,0,0,1,0,0,0,0,0,0,0,0,0,2,0,0,0,0,0,1,0,1,0,0,0,1,0,0,0,0,0,0,0,0,0,0,0,1,0,0,0,0,0,cooperative
92,GCCCCAACCCACGCGGAGGCCACGTGCACAGCTCCA,12,23,11,1,2,2,0,0,1,0,0,0,1,1,0,1,0,1,0,0,0,0,0,0,0,0,0,0,1,0,0,0,0,0,0,0,0,0,0,0,0,0,0,0,0,1,0,0,0,1,0,0,0,0,0,0,0,1,0,0,0,0,0,1,0,0,0,0,0,0,0,0,0,0,0,0,0,0,0,0,0,0,0,0,0,0,0,cooperative
93,CGACTGGCCACGCCCCCTGCCCACGTGCCACCCAGG,11,24,13,0,1,5,1,0,0,0,0,0,0,1,0,1,0,3,1,0,1,0,0,0,0,0,0,0,0,0,0,0,0,0,0,0,0,0,0,0,0,0,0,0,0,0,0,0,0,1,0,0,0,0,0,0,0,1,0,0,0,0,0,1,0,1,1,0,1,0,0,0,0,0,0,0,0,1,0,0,0,0,0,0,0,0,0,cooperative
94,ATGTGGACAGCGTGCTGGGGCACGTGACTGGAGGAA,11,23,12,0,4,1,1,0,0,0,0,0,3,1,0,1,0,0,0,0,1,0,0,0,0,0,0,0,0,0,0,0,0,0,0,0,0,0,0,0,0,0,0,0,2,1,0,1,0,0,0,0,0,0,0,0,0,1,0,0,0,0,0,0,0,0,0,0,0,0,0,0,0,0,0,0,1,0,0,0,0,0,0,0,0,0,0,cooperative
95,GGTGCACCCGCGTGGCGGTGCATGCGGTCGGGGTGC,11,23,12,0,3,2,1,0,0,0,0,0,1,1,1,1,1,0,0,0,1,0,0,0,0,0,0,0,0,0,0,0,0,0,0,0,0,0,0,0,0,0,0,0,0,0,1,1,0,0,0,0,1,0,0,0,0,0,1,0,1,0,0,0,0,0,0,0,0,0,0,0,0,0,0,0,0,1,0,0,0,0,0,0,0,0,0,cooperative
96,GGAATGCGCATGCGCAAAAGCCACGCGGGCGAACAC,9,24,15,4,2,3,0,3,1,0,0,0,0,2,0,2,0,1,0,0,0,0,0,2,1,0,0,0,0,1,0,0,0,0,0,0,0,0,0,0,0,0,0,0,0,0,0,1,0,1,0,0,0,0,0,1,0,1,0,0,0,0,0,1,0,0,0,0,0,0,0,0,0,0,0,0,0,0,0,0,0,0,0,0,0,0,0,cooperative
97,TGCGTCACGTGAGGAGGTGGTGTCACGTGACCTGTC,8,26,18,1,7,1,3,0,1,0,0,1,3,0,3,1,0,0,0,0,2,1,0,0,0,0,0,0,1,0,0,0,0,0,0,0,0,0,0,0,1,0,0,1,0,0,2,0,0,0,0,0,2,1,0,0,0,1,0,0,0,0,0,0,0,0,0,0,0,0,0,0,0,0,0,0,1,0,1,1,0,0,0,0,0,0,0,cooperative
98,AGATGCACATGGAAATATGAGAGCACGTGGAAGGGA,8,26,18,6,3,1,2,2,2,0,2,2,0,1,0,1,0,0,0,1,1,0,0,1,0,0,1,1,0,1,0,0,0,0,0,1,1,0,0,0,2,0,0,0,0,0,0,1,0,0,0,0,0,0,0,0,0,1,0,0,0,0,0,0,0,0,0,0,0,0,0,0,0,0,1,1,0,0,0,0,0,0,0,0,0,0,0,cooperative
99,AGGAATACGCACATGTGTACGTGTGTAGGCATGTGC,12,32,20,2,6,2,4,0,1,1,0,0,1,1,4,1,1,0,0,2,2,0,0,0,0,0,0,0,1,0,0,0,1,0,0,0,0,0,0,0,0,0,0,0,0,1,0,1,0,0,0,2,2,0,0,0,0,0,1,0,0,0,1,0,0,0,0,0,0,0,0,0,1,1,0,0,0,0,2,0,0,0,0,0,0,0,0,cooperative
100,GTTGGGAGCGCATGCGACCCCATGTGACTCGGGTCA,11,23,12,1,1,4,0,0,0,1,0,1,0,0,0,1,0,3,0,0,0,0,0,0,0,0,0,0,0,0,0,0,0,1,0,0,0,0,0,0,0,1,0,0,0,0,0,0,0,0,0,0,0,0,0,0,0,0,1,0,0,0,0,1,0,2,0,0,0,0,0,0,0,0,0,0,0,0,0,0,0,0,0,0,0,0,0,cooperative
101,GCCGGCTCTCACGTGGAGGTCACGTGACGGATGCTG,12,23,11,1,2,1,1,0,1,0,0,0,1,0,1,1,0,0,0,0,0,1,0,0,0,0,0,0,1,0,0,0,0,0,0,0,0,0,0,0,0,0,0,0,0,0,1,0,0,0,0,0,0,1,0,0,0,1,0,0,0,0,0,0,0,0,0,0,0,0,0,0,0,0,0,0,0,0,0,1,0,0,0,0,0,0,0,cooperative
102,ACAACTGACACATGTTCCTGCCACGTGGTGCTAAGA,11,24,13,0,1,4,2,0,0,0,0,0,0,1,0,1,0,2,1,0,1,1,0,0,0,0,0,0,0,0,0,0,0,0,0,0,0,0,0,0,0,0,0,0,0,0,0,0,0,1,0,0,0,0,0,0,0,1,0,0,0,0,0,1,0,0,1,0,1,0,0,0,0,0,0,0,0,1,0,0,0,1,0,0,0,0,0,cooperative
103,ATCTCCATGCGTTCTGATCAAGGCATGTGATGGTGG,8,26,18,3,3,3,3,1,1,0,1,1,1,1,0,2,0,0,1,0,1,2,0,0,1,0,0,0,1,0,0,0,0,0,0,0,0,1,0,0,0,0,1,0,0,1,0,1,0,0,0,0,0,0,0,1,0,0,1,0,0,0,0,0,0,0,0,0,1,0,0,0,0,0,0,1,0,0,0,1,0,0,1,0,0,0,0,cooperative
104,TGGCGGGCGCGTGGTGGGAACCGCGTGGAACCGAAG,10,24,14,2,3,2,1,1,0,1,0,1,2,0,0,0,1,1,0,0,1,0,0,0,0,1,0,0,0,0,0,0,0,1,0,0,0,0,0,1,0,0,0,1,1,0,0,0,0,0,0,0,0,0,0,0,0,0,0,0,0,1,0,0,1,0,0,0,0,0,0,0,0,0,0,0,1,0,0,0,0,0,0,0,0,0,0,cooperative
105,TGTCCTTGCACGCGCTGGCGCACATGCACTCACACT,11,23,12,0,3,2,1,0,0,0,0,0,1,2,0,1,1,0,0,0,1,0,0,0,0,0,0,0,0,0,0,0,0,0,0,0,0,0,0,0,0,0,0,0,0,1,0,1,1,0,0,0,0,0,0,0,0,1,0,0,0,1,0,0,0,0,0,0,0,0,0,0,0,0,0,0,1,0,0,0,0,0,0,0,0,0,0,cooperative
106,CCCCGTCACGCGCCGCCAGCGGCCATGTGCCAGGCC,9,26,17,1,4,6,0,0,1,0,0,0,1,3,0,2,2,2,0,0,0,0,0,0,0,0,0,0,0,1,0,0,0,0,0,0,0,0,0,0,0,0,0,0,0,1,0,0,1,2,0,0,0,0,0,0,1,0,1,0,1,1,0,2,0,0,0,0,0,0,0,0,0,0,0,0,0,0,0,0,0,0,0,0,0,0,0,cooperative
107,GTCTCTTGGCGCGTGGGGACCGCGTGGAAGTGCCTT,12,23,11,1,2,2,0,0,0,1,0,1,1,0,0,0,1,1,0,0,0,0,0,0,0,0,0,0,0,0,0,0,0,1,0,0,0,0,0,0,0,1,0,1,0,0,0,0,0,0,0,0,0,0,0,0,0,0,0,0,0,1,0,0,1,0,0,0,0,0,0,0,0,0,0,0,0,0,0,0,0,0,0,0,0,0,0,cooperative
108,AAACTCTGACCATGCTTCACGCACATGTGGTGGAAA,13,24,11,1,1,3,0,0,0,1,0,0,0,1,0,2,1,0,0,0,0,0,0,0,0,0,0,0,0,0,0,0,1,0,0,0,0,0,0,0,0,0,0,0,0,0,0,1,0,0,0,0,0,0,0,0,0,2,0,0,0,1,0,0,0,0,0,0,0,0,0,0,0,0,0,0,0,0,0,0,0,0,0,0,0,0,0,cooperative
109,TGGTGCCACGCCCCCACCCCGCCCACCACGTGACCC,9,29,20,2,1,11,0,0,0,2,0,0,0,1,0,3,1,7,0,0,0,0,0,0,0,0,0,0,0,0,0,0,0,2,0,0,0,0,0,0,0,0,0,0,0,0,0,0,0,1,0,0,0,0,0,0,0,3,0,0,0,1,0,3,1,3,0,0,0,0,0,0,0,0,0,0,0,0,0,0,0,0,0,0,0,0,0,cooperative
110,CCTCATATTAACGTGTTTGGCACATGTTGCCTAAAA,12,23,11,0,2,1,2,0,0,0,0,0,1,1,0,1,0,0,0,0,1,0,1,0,0,0,0,0,0,0,0,0,0,0,0,0,0,0,0,0,0,0,0,0,0,1,0,1,0,0,0,0,0,0,0,0,0,1,0,0,0,0,0,0,0,0,0,0,0,0,0,0,0,0,0,0,1,0,0,0,0,0,0,0,1,0,0,cooperative
111,TGCCTTTGGCGCGTGCGCACCACGTGACCCAGGAGT,12,23,11,1,1,3,0,0,0,1,0,0,0,1,0,2,0,1,0,0,0,0,0,0,0,0,0,0,0,0,0,0,0,1,0,0,0,0,0,0,0,0,0,0,0,0,0,1,0,0,0,0,0,0,0,0,0,2,0,0,0,0,0,1,0,0,0,0,0,0,0,0,0,0,0,0,0,0,0,0,0,0,0,0,0,0,0,cooperative
112,TACAAAGGCATGCGGCAAGACCACATGATGTTTATT,11,24,13,3,1,3,0,1,1,1,0,1,0,0,0,2,0,1,0,0,0,0,0,0,1,0,0,1,0,0,0,0,0,1,0,0,0,0,0,0,0,1,0,0,0,0,0,0,0,0,0,0,0,0,0,1,0,1,0,0,0,0,0,1,0,0,0,0,0,0,0,0,0,0,0,0,0,0,0,0,0,0,0,0,0,0,0,cooperative
113,GGTCAGACACGAGGTCGCGGAGCGCGTGGCACACCC,10,25,15,1,4,3,1,0,1,0,0,1,1,2,0,0,3,0,0,0,0,1,0,0,0,0,0,0,0,1,0,0,0,0,0,0,0,0,0,0,1,0,0,1,0,0,0,0,2,0,0,0,0,0,0,0,0,0,0,0,1,2,0,0,0,0,0,0,0,0,0,0,0,0,0,0,0,0,0,0,1,0,0,0,0,0,0,additive
114,GCCCTCACGTGCTCACTCACACGCACGCACGCAGGC,8,20,12,1,0,3,2,0,0,1,0,0,0,0,0,2,0,0,1,0,0,2,0,0,0,0,0,0,0,0,0,0,0,0,1,0,0,0,0,0,0,0,0,0,0,0,0,0,0,0,0,0,0,0,0,0,0,2,0,0,0,0,0,0,0,0,0,0,0,1,0,0,0,0,0,0,0,0,0,2,0,0,0,0,0,0,0,additive
115,GCCCCATGTGGCCGAGCCAGGGACCACATGCGTCCC,7,27,20,3,5,6,0,0,2,1,0,2,2,1,0,2,1,3,0,0,0,0,0,0,0,0,0,0,1,1,0,0,0,1,0,0,0,0,0,0,1,1,0,1,1,0,0,0,0,1,0,0,0,0,0,0,1,1,0,1,0,0,0,2,1,0,0,0,0,0,0,0,0,0,0,0,0,0,0,0,0,0,0,0,0,0,0,additive
116,CGCTCCACGTGCGCCGTGTTTACCCACGTGATGCGC,8,27,19,1,3,5,4,0,0,1,0,0,0,1,2,1,1,3,0,1,1,0,2,0,0,0,0,0,0,0,0,0,0,1,0,0,0,0,0,0,0,0,0,0,0,0,0,0,0,1,0,0,1,0,1,0,0,1,0,0,0,0,1,1,1,1,0,0,0,0,0,0,0,1,0,0,0,0,1,0,0,0,0,1,0,0,1,additive
117,ATGGGCCACACGCTGTCCCAGCACATGGTGGCAGGG,9,24,15,1,2,4,2,0,1,0,0,0,0,1,1,2,0,2,0,0,1,1,0,0,0,0,0,0,0,1,0,0,0,0,0,0,0,0,0,0,0,0,0,0,0,0,0,1,0,0,0,0,0,1,0,0,1,1,0,0,0,0,0,1,0,1,0,0,0,0,0,0,0,0,0,0,0,0,1,0,0,1,0,0,0,0,0,additive
118,ACGCCCACGCGGCATACAGGCGCGCACGTGCACACG,8,27,19,3,4,5,1,0,1,1,1,0,1,3,0,3,2,0,0,1,0,0,0,0,0,0,0,0,1,0,0,1,0,0,0,1,0,0,0,0,0,0,0,0,0,1,0,1,2,0,0,0,0,0,0,0,1,1,1,0,0,2,0,0,0,0,0,0,0,0,0,0,0,1,0,0,0,0,0,0,0,0,0,0,0,0,0,additive
119,TGTCTTCTCCACGTGTCTTCACATGGCCTGCCCTCT,12,22,10,0,0,2,2,0,0,0,0,0,0,0,0,1,0,0,1,0,0,1,1,0,0,0,0,0,0,0,0,0,0,0,0,0,0,0,0,0,0,0,0,0,0,0,0,0,0,0,0,0,0,0,0,0,0,1,0,0,0,0,0,0,0,0,0,0,0,0,1,0,0,0,0,0,0,0,0,1,0,0,0,0,0,1,0,additive
120,CGGCCACGTGACGCGCGACGGGGCCACGTGATGAGC,7,27,20,1,7,6,0,0,0,1,0,1,3,3,0,1,4,1,0,0,0,0,0,0,0,0,0,0,0,0,0,0,1,0,0,0,0,0,0,0,0,1,0,0,2,1,0,0,2,1,0,0,0,0,0,0,0,1,0,1,1,2,0,1,0,0,0,0,0,0,0,0,0,0,0,0,0,0,0,0,0,0,0,0,0,0,0,additive
121,GTTGCCATGTGCGAATGGCGCCCCCTCGTGTTGTGG,8,27,19,2,4,6,1,1,0,0,1,1,1,2,0,0,1,4,1,0,1,0,0,0,0,0,1,0,0,0,0,0,0,0,0,0,1,0,0,1,0,0,0,0,0,1,0,0,1,1,0,0,0,0,0,0,0,0,0,0,0,1,0,0,0,3,1,0,0,1,0,0,0,0,0,0,1,0,0,0,0,0,0,0,0,0,0,additive
122,GCCAAAGACATGTGCGACCGCATGTGGCTGCTGCAT,11,23,12,1,2,3,0,0,0,1,0,1,0,1,0,1,1,1,0,0,0,0,0,0,0,0,0,0,0,0,0,0,0,1,0,0,0,0,0,0,0,1,0,0,0,0,0,1,0,0,0,0,0,0,0,0,0,0,1,0,0,1,0,0,1,0,0,0,0,0,0,0,0,0,0,0,0,0,0,0,0,0,0,0,0,0,0,additive
123,GAGTCCACGTGCACCCCACCCAGCACATGCTCCTGC,8,26,18,3,1,8,0,0,1,2,0,0,0,1,0,3,0,5,0,0,0,0,0,0,0,0,0,0,0,1,0,0,0,2,0,0,0,0,0,0,0,0,0,0,0,0,0,1,0,0,0,0,0,0,0,0,1,2,0,0,0,0,0,2,0,3,0,0,0,0,0,0,0,0,0,0,0,0,0,0,0,0,0,0,0,0,0,additive
124,CGCGTCGCACGTGATGGAACCCGCATGGACCCGCGA,10,24,14,2,2,3,1,1,0,1,0,1,1,0,0,0,1,2,0,0,1,0,0,0,0,1,0,0,0,0,0,0,0,1,0,0,0,0,0,1,0,0,0,1,0,0,0,0,0,0,0,0,0,0,0,0,0,0,0,0,0,1,0,0,1,1,0,0,0,0,0,0,0,0,0,0,1,0,0,0,0,0,0,0,0,0,0,additive
125,CGAGGCCCACGCGAGGCCGCCCACGAGGAGTTTCCG,10,24,14,0,3,5,0,0,0,0,0,0,1,2,0,1,1,3,0,0,0,0,0,0,0,0,0,0,0,0,0,0,0,0,0,0,0,0,0,0,0,0,0,0,0,1,0,0,0,2,0,0,0,0,0,0,0,1,0,0,0,1,0,1,1,1,0,0,0,0,0,0,0,0,0,0,0,0,0,0,0,0,0,0,0,0,0,additive
126,AGTCCATGTGGCTTGAGTCGCAGCCATGTGACTCAG,7,27,20,2,4,5,3,0,2,0,0,1,0,2,1,2,1,1,1,0,1,1,1,0,0,0,0,0,0,1,1,0,0,0,0,0,0,0,0,0,1,0,0,0,0,0,0,1,0,1,0,0,0,1,0,0,1,0,1,0,0,1,0,1,0,0,0,0,0,0,1,0,0,0,0,1,0,0,0,0,1,0,0,0,1,0,0,additive
127,CGGGACACGAGGCGATCAAGGGAGCACGCGCGCCAC,8,27,19,4,5,3,1,1,2,0,1,2,2,1,0,2,1,0,0,0,0,1,0,0,1,0,0,0,1,1,0,0,0,0,0,0,0,1,0,0,1,0,1,1,1,0,0,1,0,0,0,0,0,0,0,1,0,1,0,1,0,0,0,0,0,0,0,0,0,0,0,0,0,0,0,0,0,0,0,1,0,0,0,0,0,0,0,additive
128,AGGTCCACATGTTGCATCTGGACCACGTGTTTAAGC,8,26,18,2,3,4,3,0,0,1,1,1,1,1,0,2,0,1,1,0,2,1,0,0,0,0,0,0,0,0,0,0,0,1,0,0,0,1,0,0,0,1,0,1,0,0,0,1,0,0,0,0,0,0,0,0,0,1,1,0,0,0,0,1,0,0,0,0,1,0,0,0,0,0,0,0,1,1,0,0,0,0,1,0,0,0,0,additive
129,ACACACCCTCACATGCCCCCATGTGGCCTCTTACTA,12,22,10,0,0,4,0,0,0,0,0,0,0,0,0,1,0,3,0,0,0,0,0,0,0,0,0,0,0,0,0,0,0,0,0,0,0,0,0,0,0,0,0,0,0,0,0,0,0,0,0,0,0,0,0,0,0,0,1,0,0,0,0,1,0,2,0,0,0,0,0,0,0,0,0,0,0,0,0,0,0,0,0,0,0,0,0,additive
130,CGCGCCACGCGCTCGGGACGGTGCCACGCGGCGGTG,8,27,19,1,6,4,2,0,0,1,0,1,3,1,1,1,2,1,0,0,1,1,0,0,0,0,0,0,0,0,0,0,1,0,0,0,0,0,0,0,0,1,0,1,1,0,1,0,0,1,0,0,1,0,0,0,0,1,0,0,2,0,0,1,0,0,0,0,0,0,0,0,0,0,0,0,0,1,0,0,1,0,0,0,0,0,0,additive
131,TGGGAGCCTCGTGGCCCCAAGCCACATGGCTGGCAG,10,25,15,2,1,6,0,1,1,0,0,0,0,1,0,2,0,4,0,0,0,0,0,0,1,0,0,0,0,1,0,0,0,0,0,0,0,0,0,0,0,0,0,0,0,0,0,0,0,1,0,0,0,0,0,1,0,1,0,0,0,0,0,2,0,2,0,0,0,0,0,0,0,0,0,0,0,0,0,0,0,0,0,0,0,0,0,additive
132,GCACCATCCCACGTTTTCTCACATGTAACTGGCTGG,12,22,10,0,0,2,2,0,0,0,0,0,0,0,0,1,0,0,1,0,0,2,0,0,0,0,0,0,0,0,0,0,0,0,0,0,0,0,0,0,0,0,0,0,0,0,0,0,0,0,0,0,0,0,0,0,0,1,0,0,0,0,0,0,0,0,0,0,0,1,0,0,0,0,0,0,0,0,0,1,0,0,1,0,0,0,0,additive
133,CCCTGGGGCCACGCGCCGCCACGTGCCGCCACAGGG,12,22,10,0,1,3,0,0,0,0,0,0,0,1,0,1,1,1,0,0,0,0,0,0,0,0,0,0,0,0,0,0,0,0,0,0,0,0,0,0,0,0,0,0,0,0,0,0,0,1,0,0,0,0,0,0,0,1,0,0,0,1,0,1,0,0,0,0,0,0,0,0,0,0,0,0,0,0,0,0,0,0,0,0,0,0,0,additive
134,CTCCACACACGTGCACGGCATGCATGCGCGCGCGCA,10,25,15,2,3,3,1,0,0,1,1,0,1,2,0,2,1,0,0,0,1,0,0,0,0,0,0,0,0,0,0,0,1,0,0,0,1,0,0,0,0,0,0,0,0,1,0,2,0,0,0,0,0,0,0,0,0,0,2,0,1,0,0,0,0,0,0,0,0,0,0,0,0,0,0,0,0,1,0,0,0,0,0,0,0,0,0,additive
135,CGCACCTCGTGCAGTGCCCACAACACGCGGCAGTCC,8,26,18,4,2,5,1,1,1,2,0,0,0,1,1,3,0,2,0,0,1,0,0,0,0,1,0,0,0,0,1,2,0,0,0,0,0,0,0,0,0,0,0,0,0,0,0,0,0,1,0,0,1,0,0,1,0,2,0,0,0,0,0,1,0,1,0,0,0,0,0,0,0,0,0,0,0,1,0,0,0,0,0,0,0,0,0,additive
136,TGAAGCGCATGTGTGTGCCCGCACACGCACATACAC,10,24,14,0,3,4,1,0,0,0,0,0,0,2,1,1,1,2,0,0,1,0,0,0,0,0,0,0,0,0,0,0,0,0,0,0,0,0,0,0,0,0,0,0,0,0,0,1,0,1,0,0,1,0,0,0,0,1,0,0,0,1,0,0,1,1,0,0,0,0,0,0,0,0,0,0,0,1,0,0,0,0,0,0,0,0,0,additive
137,AAAGCCATGTGTAACACACATACCATGCTGATCAGG,8,26,18,6,0,5,1,1,0,4,1,0,0,0,0,4,0,1,0,1,0,0,0,0,0,1,0,0,0,0,0,3,0,1,0,1,0,0,0,0,0,0,0,0,0,0,0,0,0,0,0,0,0,0,0,0,0,2,2,0,0,0,0,1,0,0,0,0,0,0,0,0,0,1,0,0,0,0,0,0,0,0,0,0,0,0,0,additive
138,CCAGCCACGTGTTCCCAGGTGCCCACGCGGGCCAAG,8,26,18,1,3,6,2,0,1,0,0,0,1,1,1,2,0,4,0,0,1,1,0,0,0,0,0,0,1,0,0,0,0,0,0,0,0,0,0,0,0,0,0,0,0,0,1,0,0,1,0,0,1,0,0,0,1,1,0,0,0,0,0,2,0,2,0,0,0,0,0,0,0,0,0,0,0,1,0,0,0,1,0,0,0,0,0,additive
139,TCTGGGTGTCACGTGGAGTCACATGGGGTCAATGTG,12,22,10,1,1,1,1,0,1,0,0,0,0,0,1,1,0,0,0,0,0,1,0,0,0,0,0,0,0,0,1,0,0,0,0,0,0,0,0,0,0,0,0,0,0,0,0,0,0,0,0,0,0,1,0,0,0,1,0,0,0,0,0,0,0,0,0,0,0,0,0,0,0,0,0,0,0,0,0,1,0,0,0,0,0,0,0,additive
140,CGTGGGCCGCGTGGGCCCAGCCTCGTGGGCTGAGTT,10,24,14,1,2,5,0,0,1,0,0,0,0,2,0,1,0,3,1,0,0,0,0,0,0,0,0,0,0,1,0,0,0,0,0,0,0,0,0,0,0,0,0,0,0,0,0,0,0,2,0,0,0,0,0,0,1,0,0,0,0,0,0,1,0,1,1,0,0,1,0,0,0,0,0,0,0,0,0,0,0,0,0,0,0,0,0,additive
141,CCCACACACATGCTCACGCCCACACATGCACACTCA,9,25,16,2,1,6,1,0,0,2,0,0,0,1,0,3,1,2,0,0,0,1,0,0,0,0,0,0,0,0,0,1,1,0,0,0,0,0,0,0,0,0,0,0,0,0,0,0,0,1,0,0,0,0,0,0,0,3,0,0,0,1,0,1,0,1,0,0,0,0,0,0,0,0,0,0,0,0,0,1,0,0,0,0,0,0,0,additive
142,CCCCGCGCACGTGCACAGCACCGCGTGCATCAGCCC,10,24,14,3,1,4,0,0,1,2,0,0,0,1,0,2,1,1,0,0,0,0,0,0,0,0,0,0,0,1,0,1,0,1,0,0,0,0,0,0,0,0,0,0,0,0,0,1,0,0,0,0,0,0,0,0,1,1,0,0,0,1,0,0,1,0,0,0,0,0,0,0,0,0,0,0,0,0,0,0,0,0,0,0,0,0,0,additive
143,CCTGCCACGAGGCCGCAGTATAACCGCGTGGCCCGC,8,27,19,4,2,5,2,1,1,1,1,0,0,1,1,1,2,2,0,2,0,0,0,0,0,1,0,0,0,0,1,0,0,1,0,1,0,0,0,0,0,0,0,0,0,0,0,1,0,0,0,1,0,0,0,0,1,0,0,0,0,2,0,0,2,0,0,0,0,0,0,1,0,0,1,0,0,0,0,0,0,0,0,0,0,0,0,additive
144,CCTCAGCCATGTGGGTGGGCATCACGTGATCTGCTG,10,25,15,1,4,2,2,0,0,0,1,0,2,1,1,2,0,0,0,0,1,1,0,0,0,0,0,0,0,0,0,0,0,0,0,0,0,1,0,0,0,0,0,0,1,1,0,1,0,0,0,0,1,0,0,0,0,1,1,0,0,0,0,0,0,0,0,0,0,0,0,0,0,0,0,0,1,0,0,1,0,0,0,0,0,0,0,additive
145,CGCCCATGCTGGAAACTCTACACCCATGTGTAACCG,7,27,20,5,1,6,2,2,0,3,0,1,0,0,0,2,0,2,2,1,0,1,0,1,0,1,0,0,0,0,0,1,0,1,1,0,0,0,0,1,0,0,0,0,0,0,0,0,0,0,0,0,0,0,0,0,0,1,1,0,0,0,0,1,0,1,0,1,0,1,0,0,0,1,0,0,0,0,0,0,0,0,1,0,0,0,0,additive
146,GGAAATGCGCGTGGAGACTGGGCGCGTGCAATGGTG,10,25,15,2,4,2,1,0,1,1,0,1,2,1,0,0,1,0,1,0,1,0,0,0,0,0,0,1,0,0,0,0,0,0,1,0,0,0,0,0,0,1,0,0,1,1,0,0,1,0,0,0,0,0,0,0,0,0,0,0,0,1,0,0,0,0,0,0,1,0,0,0,0,0,0,0,1,0,0,0,0,0,0,0,0,0,0,additive
147,ATGTGCACACATGCACACACGCACATGCCGCAGCTC,10,24,14,3,1,4,0,0,0,3,0,0,0,1,0,3,1,0,0,0,0,0,0,0,0,0,0,0,0,0,0,2,1,0,0,0,0,0,0,0,0,0,0,0,0,0,0,1,0,0,0,0,0,0,0,0,0,3,0,0,0,1,0,0,0,0,0,0,0,0,0,0,0,0,0,0,0,0,0,0,0,0,0,0,0,0,0,additive
148,TGCGTGCGTGCGTGCGTCCGTCCTCGTGCTCGCGCA,5,25,20,0,5,6,3,0,0,0,0,0,0,2,3,0,3,2,1,0,1,2,0,0,0,0,0,0,0,0,0,0,0,0,0,0,0,0,0,0,0,0,0,0,0,0,0,0,2,0,0,0,1,2,0,0,0,0,0,0,0,0,3,0,1,0,1,0,0,1,0,0,0,0,0,0,0,1,0,0,0,2,0,0,0,0,0,additive
149,CTCCCCCCGCGCGTGGCACCCACGTGGGGCTTTCTC,12,23,11,1,0,4,0,0,0,1,0,0,0,0,0,2,0,2,0,0,0,0,0,0,0,0,0,0,0,0,0,0,0,1,0,0,0,0,0,0,0,0,0,0,0,0,0,0,0,0,0,0,0,0,0,0,0,2,0,0,0,0,0,1,0,1,0,0,0,0,0,0,0,0,0,0,0,0,0,0,0,0,0,0,0,0,0,additive
150,CTTCCACGTGGTTTTCAGGCTAACCATGTGGTTTTT,7,27,20,3,2,4,5,1,1,1,0,0,1,1,0,2,0,1,1,1,0,1,3,0,0,1,0,0,1,0,0,0,0,1,0,0,0,0,0,0,0,0,0,0,0,1,0,0,0,0,1,0,0,0,0,0,1,0,1,0,0,0,0,1,0,0,0,1,0,0,0,1,0,0,0,0,0,0,0,1,0,0,0,0,0,1,2,additive
151,CTTCCCCCATGTGGTCCTCATCACATGTACATTGTC,10,24,14,1,0,4,3,0,0,0,1,0,0,0,0,2,0,1,1,0,0,3,0,0,0,0,0,0,0,0,0,0,0,0,0,0,0,1,0,0,0,0,0,0,0,0,0,0,0,0,0,0,0,0,0,0,0,1,1,0,0,0,0,0,0,0,1,0,0,1,0,0,0,0,0,0,0,0,0,2,0,1,0,0,0,0,0,additive
152,AAGGCACGTGCATTCTGGTCATCCCACGCGGGGAGC,7,27,20,2,2,5,5,0,0,0,2,0,1,0,1,2,0,2,1,0,1,3,1,0,0,0,0,0,0,0,0,0,0,0,0,0,0,1,1,0,0,0,0,0,0,0,1,0,0,0,0,0,0,1,0,0,0,1,1,0,0,0,0,1,0,1,0,0,1,0,0,0,0,0,0,0,1,0,0,1,0,1,1,0,0,1,0,additive
153,CTGGCGGCCGCATGGAGGCCCACATGCCTTACGCTC,11,23,12,1,2,3,0,0,1,0,0,0,1,1,0,1,0,2,0,0,0,0,0,0,0,0,0,0,1,0,0,0,0,0,0,0,0,0,0,0,0,0,0,0,0,1,0,0,0,1,0,0,0,0,0,0,0,1,0,0,0,0,0,1,0,1,0,0,0,0,0,0,0,0,0,0,0,0,0,0,0,0,0,0,0,0,0,additive
154,CGGGTCACGTGCCCAAAACACGCTCACGTGATGCGC,8,27,19,5,1,6,1,3,0,2,0,0,0,1,0,3,1,1,1,0,0,1,0,2,0,1,0,0,0,0,0,1,1,0,0,0,0,0,0,0,0,0,0,0,0,0,0,0,0,0,1,0,0,0,0,1,0,2,0,0,0,1,0,1,0,0,0,0,0,1,0,0,0,0,0,0,0,0,0,1,0,0,0,0,0,0,0,additive
155,ACAGCGCGCGTGCTGTCTTTCCCATGTGGTGGGGTT,9,25,16,0,1,4,5,0,0,0,0,0,0,0,1,1,0,2,1,0,1,2,2,0,0,0,0,0,0,0,0,0,0,0,0,0,0,0,0,0,0,0,0,0,0,0,0,0,0,0,0,0,0,1,0,0,0,0,1,0,0,0,0,1,0,1,0,0,0,0,1,0,0,0,0,0,0,0,1,0,0,1,1,0,0,1,1,additive
156,CAGTCACATGGTGTCAGCCGTGCCCACGTGACCAAG,7,27,20,1,4,6,3,0,1,0,0,0,0,2,2,2,1,3,0,0,2,1,0,0,0,0,0,0,0,1,0,0,0,0,0,0,0,0,0,0,0,0,0,0,0,0,0,0,0,2,0,0,1,1,0,0,1,1,0,0,0,0,1,1,1,1,0,0,0,0,0,0,0,0,0,0,0,1,1,1,0,0,0,0,0,0,0,additive
157,GCCGCGCAGCATGGAGCGGTGCCACGTGTTGGCCAG,10,25,15,1,4,3,1,0,1,0,0,0,1,2,1,1,1,1,0,0,1,0,0,0,0,0,0,0,0,1,0,0,0,0,0,0,0,0,0,0,0,0,0,0,0,0,1,0,1,1,0,0,1,0,0,0,0,1,0,0,1,0,0,1,0,0,0,0,0,0,0,0,0,0,0,0,0,1,0,0,0,0,0,0,0,0,0,additive
158,CCTCCCCACGTGGGACCCTCCCCACGTGGGACCCTC,9,25,16,1,1,7,1,0,0,1,0,1,0,0,0,1,0,5,1,0,0,1,0,0,0,0,0,0,0,0,0,0,0,1,0,0,0,0,0,0,0,1,0,0,0,0,0,0,0,0,0,0,0,0,0,0,0,1,0,0,0,0,0,1,0,3,1,0,0,1,0,0,0,0,0,0,0,0,0,0,0,1,0,0,0,0,0,additive
159,GCGGCGACCACGTGTTTGCCGCATGTGGTATCTGGG,11,24,13,0,2,3,2,0,0,0,0,0,0,2,0,1,1,1,0,0,1,0,1,0,0,0,0,0,0,0,0,0,0,0,0,0,0,0,0,0,0,0,0,0,0,0,0,1,0,1,0,0,0,0,0,0,0,0,1,0,0,1,0,0,1,0,0,0,0,0,0,0,0,0,0,0,0,1,0,0,0,0,0,0,1,0,0,additive
160,AGAAGGGTGCACGCTGAGCCCCCACGTGGGTAGCGG,12,25,13,1,1,5,0,0,1,0,0,0,0,1,0,1,0,4,0,0,0,0,0,0,0,0,0,0,0,1,0,0,0,0,0,0,0,0,0,0,0,0,0,0,0,0,0,0,0,1,0,0,0,0,0,0,0,1,0,0,0,0,0,1,0,3,0,0,0,0,0,0,0,0,0,0,0,0,0,0,0,0,0,0,0,0,0,additive
161,GCGGGCCATGTGACCCGGTTGGTCACGTGGCTGAGC,9,26,17,0,4,4,3,0,0,0,0,0,2,0,2,1,1,2,0,0,1,1,1,0,0,0,0,0,0,0,0,0,0,0,0,0,0,0,0,0,0,0,0,0,0,0,2,0,0,0,0,0,0,1,1,0,0,1,0,0,1,0,0,0,1,1,0,0,0,0,0,0,0,0,0,0,1,0,0,1,0,0,0,0,1,0,0,additive
162,TGCTGCCCCCGCGTGCAGCGCCCGCGTGCACCGGGC,12,25,13,1,2,4,0,0,1,0,0,0,0,2,0,0,2,2,0,0,0,0,0,0,0,0,0,0,0,1,0,0,0,0,0,0,0,0,0,0,0,0,0,0,0,0,0,0,1,1,0,0,0,0,0,0,0,0,0,0,0,2,0,0,1,1,0,0,0,0,0,0,0,0,0,0,0,0,0,0,0,0,0,0,0,0,0,additive
163,TGTGCATGCATGTGTGTGTACATGTGTGCGTGTGTG,11,23,12,1,2,1,2,0,0,1,0,0,0,0,2,1,0,0,0,1,1,0,0,0,0,0,0,0,0,0,0,1,0,0,0,0,0,0,0,0,0,0,0,0,0,0,0,0,0,0,0,1,1,0,0,0,0,0,1,0,0,0,0,0,0,0,0,0,0,0,0,0,0,1,0,0,0,0,1,0,0,0,0,0,0,0,0,additive
164,TACGCACATGTGTACGTGTGTAGGCATGTGCTGTGG,7,27,20,2,6,2,4,0,1,1,0,0,1,1,4,1,1,0,0,2,2,0,0,0,0,0,0,0,1,0,0,0,1,0,0,0,0,0,0,0,0,0,0,0,0,1,0,1,0,0,0,2,2,0,0,0,0,0,1,0,0,0,1,0,0,0,0,0,0,0,0,0,1,1,0,0,0,0,2,0,0,0,0,0,0,0,0,additive
165,CAATGCGCATGCGCTCTCCGCCACGCGCGCCCAGAC,8,24,16,0,2,6,2,0,0,0,0,0,0,2,0,1,1,2,2,0,0,2,0,0,0,0,0,0,0,0,0,0,0,0,0,0,0,0,0,0,0,0,0,0,0,0,0,0,0,1,1,0,0,0,0,0,0,1,0,0,0,1,0,1,1,0,0,0,0,2,0,0,0,0,0,0,0,0,0,0,0,1,1,0,0,0,0,additive
166,ATACACACACATGTGCATCCATGTGCACACACATAC,12,22,10,1,0,2,1,0,0,0,1,0,0,0,0,1,0,1,0,0,0,1,0,0,0,0,0,0,0,0,0,0,0,0,0,0,0,1,0,0,0,0,0,0,0,0,0,0,0,0,0,0,0,0,0,0,0,0,1,0,0,0,0,1,0,0,0,0,0,0,0,0,0,0,0,0,0,0,0,0,0,1,0,0,0,0,0,additive
167,CTACATCACGTGACGGCCAGTACGCGTGGGATTTGG,9,25,16,2,3,4,1,0,1,1,0,0,1,1,1,1,2,1,0,1,0,0,0,0,0,0,0,0,0,0,1,0,1,0,0,0,0,0,0,0,0,0,0,0,0,1,0,0,0,1,0,1,0,0,0,0,1,0,0,0,1,1,0,1,0,0,0,0,0,0,0,0,0,1,0,0,0,0,0,0,0,0,0,0,0,0,0,additive
168,GTATCCAGCACGCGTCGCAGCAGCGTGCGCGGCGTG,11,24,13,2,2,3,0,0,2,0,0,0,0,2,0,2,1,0,0,0,0,0,0,0,0,0,0,0,0,2,0,0,0,0,0,0,0,0,0,0,0,0,0,0,0,0,0,2,0,0,0,0,0,0,0,0,2,0,0,0,0,1,0,0,0,0,0,0,0,0,0,0,0,0,0,0,0,0,0,0,0,0,0,0,0,0,0,additive
169,CCCACAAACACATGCACTGACCACGTGGTCATCCCC,11,24,13,2,1,3,1,0,0,2,0,1,0,0,0,1,0,1,1,0,1,0,0,0,0,0,0,0,0,0,0,0,0,1,1,0,0,0,0,0,0,1,0,0,0,0,0,0,0,0,0,0,0,0,0,0,0,1,0,0,0,0,0,1,0,0,0,0,1,0,0,0,0,0,0,1,0,0,0,0,0,0,0,0,0,0,0,additive
170,TTTGCCCACGTTACGTCATAGACATGCGCGCGACGC,9,25,16,3,2,3,2,0,1,1,1,1,0,0,1,2,1,0,0,1,0,1,0,0,0,0,0,1,0,0,0,1,0,0,0,1,0,0,0,0,0,1,0,0,0,0,0,0,0,0,0,0,0,1,0,0,0,0,2,0,0,0,1,0,0,0,0,0,0,0,0,0,1,0,0,0,0,0,0,1,0,0,0,0,0,0,0,additive
171,AGCTCCTCGTGGCGGCCGACGCGCATGCGCAGCGCC,8,24,16,1,4,5,0,0,0,1,0,1,1,2,0,0,4,1,0,0,0,0,0,0,0,0,0,0,0,0,0,0,1,0,0,0,0,0,0,0,0,1,0,0,0,1,0,0,1,1,0,0,0,0,0,0,0,0,0,1,1,2,0,0,1,0,0,0,0,0,0,0,0,0,0,0,0,0,0,0,0,0,0,0,0,0,0,additive
172,CAAATCACATGGCCCACCCTGGCCACATGGGAGGAT,8,26,18,1,2,8,1,0,0,1,0,0,1,1,0,2,0,5,1,0,1,0,0,0,0,0,0,0,0,0,0,0,0,1,0,0,0,0,0,0,0,0,0,0,0,1,0,0,0,1,0,0,0,0,0,0,0,2,0,0,0,0,0,2,0,2,1,0,1,0,0,0,0,0,0,0,1,0,0,0,0,0,0,0,0,0,0,additive
173,TGTGCAGTGCACGTGAGAGCACGTGGCGGCTTCTGG,12,22,10,1,2,1,0,0,1,0,0,1,0,1,0,1,0,0,0,0,0,0,0,0,0,0,0,0,0,1,0,0,0,0,0,0,0,0,0,0,1,0,0,0,0,0,0,1,0,0,0,0,0,0,0,0,0,1,0,0,0,0,0,0,0,0,0,0,0,0,0,0,0,0,0,0,0,0,0,0,0,0,0,0,0,0,0,additive
174,TTTCTCTCCCATGCGGTAGCATGTGTGACAGCAGGA,12,22,10,1,1,1,1,0,1,0,0,0,0,1,0,1,0,0,0,1,0,0,0,0,0,0,0,0,0,1,0,0,0,0,0,0,0,0,0,0,0,0,0,0,0,0,0,1,0,0,0,0,0,0,0,0,0,0,1,0,0,0,0,0,0,0,0,0,0,0,0,0,1,0,0,0,0,0,0,0,0,0,0,0,0,0,0,additive
175,TGAGCGGGCGCGTGCGGCGGCCACGTGGGCGAGGAG,11,24,13,0,4,3,0,0,0,0,0,0,2,2,0,1,1,1,0,0,0,0,0,0,0,0,0,0,0,0,0,0,0,0,0,0,0,0,0,0,0,0,0,0,0,2,0,0,1,1,0,0,0,0,0,0,0,1,0,0,1,0,0,1,0,0,0,0,0,0,0,0,0,0,0,0,0,0,0,0,0,0,0,0,0,0,0,additive
176,CAACCACATGCACACCTGGACTCGCACACGCCCACG,7,27,20,3,3,6,2,0,0,3,0,1,1,1,0,2,1,1,2,0,1,1,0,0,0,0,0,0,0,0,0,1,0,1,1,0,0,0,0,0,0,1,0,1,0,0,0,1,0,0,0,0,0,0,0,0,0,2,0,0,0,1,0,0,0,0,1,0,1,1,0,0,0,0,0,0,1,0,0,0,1,0,0,0,0,0,0,additive
177,AGCCCCCACGTGGCCAGTCCCCCACATGGCCAGCCC,9,25,16,1,1,7,1,0,1,0,0,0,0,0,1,2,0,5,0,0,0,1,0,0,0,0,0,0,0,0,1,0,0,0,0,0,0,0,0,0,0,0,0,0,0,0,0,0,0,0,0,0,0,1,0,0,1,1,0,0,0,0,0,2,0,3,0,0,0,0,0,0,0,0,0,0,0,0,0,0,0,1,0,0,0,0,0,additive
178,TGCCCCCACGTGGCCACCGCTCCACATGGCCCCCTT,9,25,16,1,1,7,1,0,0,1,0,0,0,1,0,2,1,3,1,0,0,1,0,0,0,0,0,0,0,0,0,0,0,1,0,0,0,0,0,0,0,0,0,0,0,0,0,0,0,0,1,0,0,0,0,0,0,2,0,0,0,1,0,2,1,0,0,0,0,1,0,0,0,0,0,0,0,0,0,0,0,1,0,0,0,0,0,additive
179,TGGCGCCCGCGTGGCCACTGCGCATGCGGACCCGGC,10,23,13,1,1,4,1,0,0,1,0,0,0,1,0,1,1,1,1,0,1,0,0,0,0,0,0,0,0,0,0,0,0,0,1,0,0,0,0,0,0,0,0,0,0,0,0,0,1,0,0,0,0,0,0,0,0,1,0,0,0,1,0,1,0,0,0,0,1,0,0,0,0,0,0,0,0,1,0,0,0,0,0,0,0,0,0,additive
180,CCACCTCGTGGCCAAGAGGGAGACCGCGTGCCTTTC,7,27,20,5,5,4,0,1,3,1,0,3,2,0,0,1,1,2,0,0,0,0,0,0,1,0,0,2,1,0,0,0,0,1,0,0,0,0,0,0,2,1,0,1,1,0,0,0,0,0,0,0,0,0,0,1,0,0,0,0,0,1,0,1,1,0,0,0,0,0,0,0,0,0,0,0,0,0,0,0,0,0,0,0,0,0,0,additive
181,AGCGCGCATGCGCCTATGCTCCCACGCGCTCTCAAT,7,25,18,1,2,6,3,0,0,0,1,0,0,2,0,1,0,3,2,1,1,1,0,0,0,0,0,0,0,0,0,0,0,0,0,0,1,0,0,0,0,0,0,0,0,0,0,0,0,1,1,0,0,0,0,0,0,1,0,0,0,0,0,1,0,1,1,1,0,1,0,0,0,0,1,0,0,1,0,0,0,1,0,0,0,0,0,additive
182,CCGGTGCAACGTGCAGCAGGGCAACGTGCGCGAGAC,10,25,15,3,4,2,0,1,2,0,0,0,2,2,0,2,0,0,0,0,0,0,0,0,0,1,0,0,1,1,0,0,0,0,0,0,0,0,0,0,0,0,0,0,1,1,0,2,0,0,0,0,0,0,0,1,1,0,0,0,0,0,0,0,0,0,0,0,0,0,0,0,0,0,0,0,0,0,0,0,0,0,0,0,0,0,0,additive
183,GCGAGTTCCATGTGCGGCAGACACGCGCTCACACTT,11,24,13,2,3,2,0,0,1,1,0,1,1,1,0,2,0,0,0,0,0,0,0,0,0,0,0,1,0,0,0,1,0,0,0,0,0,0,0,0,0,1,0,0,0,1,0,1,0,0,0,0,0,0,0,0,1,1,0,0,0,0,0,0,0,0,0,0,0,0,0,0,0,0,0,0,0,0,0,0,0,0,0,0,0,0,0,additive
184,ATTCAGGCCATGCGGGCAGCCACGTGCAAAGGCCCT,11,23,12,1,2,3,0,0,1,0,0,0,0,2,0,2,0,1,0,0,0,0,0,0,0,0,0,0,0,1,0,0,0,0,0,0,0,0,0,0,0,0,0,0,0,0,0,1,0,1,0,0,0,0,0,0,1,1,0,0,0,0,0,1,0,0,0,0,0,0,0,0,0,0,0,0,0,0,0,0,0,0,0,0,0,0,0,additive
185,CTCAGAGCCACGCCCCCTTATGGTCACGTGAGGCGC,11,27,16,1,2,3,4,0,0,0,1,0,1,0,1,1,0,1,1,1,1,1,1,0,0,0,0,0,0,0,0,0,0,0,0,0,1,0,0,0,0,0,0,0,0,0,1,0,0,0,0,0,0,1,0,0,0,1,0,0,0,0,0,0,0,0,1,0,0,0,1,0,0,0,1,0,1,0,0,1,0,0,0,1,0,0,0,additive
186,GGCATCACGTGCGCAGAGCGGGTCACGTGGGCGCGG,8,26,18,2,6,3,1,0,2,0,0,1,2,2,1,2,1,0,0,0,0,1,0,0,0,0,0,1,0,1,0,0,0,0,0,0,0,0,0,0,1,0,0,0,1,0,1,1,1,0,0,0,0,1,0,0,1,1,0,0,1,0,0,0,0,0,0,0,0,0,0,0,0,0,0,0,0,0,0,1,0,0,0,0,0,0,0,additive
187,GAAGGGTCATGTGGAGAAGGCCACGAGGCCCAGCCC,10,24,14,3,3,2,0,1,2,0,0,1,1,1,0,1,0,1,0,0,0,0,0,0,1,0,0,1,1,0,0,0,0,0,0,0,0,0,0,1,0,0,0,0,0,1,0,0,0,1,0,0,0,0,0,0,0,1,0,0,0,0,0,1,0,0,0,0,0,0,0,0,0,0,0,0,0,0,0,0,0,0,0,0,0,0,0,additive
188,CGCCGGGTCACGTGGCGCGGTCACGTGGCGCGCAGC,11,24,13,0,3,3,1,0,0,0,0,0,1,1,1,1,2,0,0,0,0,1,0,0,0,0,0,0,0,0,0,0,0,0,0,0,0,0,0,0,0,0,0,0,0,0,1,0,1,0,0,0,0,1,0,0,0,1,0,0,1,1,0,0,0,0,0,0,0,0,0,0,0,0,0,0,0,0,0,1,0,0,0,0,0,0,0,additive
189,CGGGGCCGTCACGTGGGGCAGCGTGGGCCGCTGCCT,12,22,10,1,2,1,0,0,1,0,0,0,1,1,0,1,0,0,0,0,0,0,0,0,0,0,0,0,0,1,0,0,0,0,0,0,0,0,0,0,0,0,0,0,0,1,0,1,0,0,0,0,0,0,0,0,1,0,0,0,0,0,0,0,0,0,0,0,0,0,0,0,0,0,0,0,0,0,0,0,0,0,0,0,0,0,0,additive
190,CCCGGCCACGTGGGCCTCCGAACCACGAGTCATGCG,9,26,17,2,2,6,1,1,0,1,0,1,0,1,0,1,1,3,1,0,0,1,0,0,0,1,0,0,0,0,0,0,0,1,0,0,0,0,0,1,0,0,0,0,0,0,0,0,0,1,0,0,0,0,0,0,0,1,0,1,0,0,0,1,1,0,1,0,0,1,0,0,0,0,0,0,0,0,0,0,0,1,0,0,0,0,0,additive
191,CTGTCCACATGTCCCACACGGTGCACGAGGATGTCA,8,26,18,2,3,6,1,0,0,2,0,0,1,1,1,3,1,2,0,0,1,0,0,0,0,0,0,0,0,0,0,1,1,0,0,0,0,0,0,0,0,0,0,0,0,0,1,1,0,0,0,0,1,0,0,0,0,3,0,0,1,0,0,1,0,1,0,0,0,0,0,0,0,0,0,0,0,1,0,0,0,0,0,0,0,0,0,additive
192,GGCAGCTCGCGTGTGTGGGCGCACGTGCGTGCAAGT,12,24,12,0,4,2,0,0,0,0,0,0,2,2,0,1,1,0,0,0,0,0,0,0,0,0,0,0,0,0,0,0,0,0,0,0,0,0,0,0,0,0,0,0,1,1,0,1,1,0,0,0,0,0,0,0,0,1,0,0,0,1,0,0,0,0,0,0,0,0,0,0,0,0,0,0,0,0,0,0,0,0,0,0,0,0,0,additive
193,ACACATTTCATGTGGAAATGCCATGTGCGGTCATCT,11,24,13,3,1,2,1,2,0,0,1,0,0,1,0,1,0,1,0,0,1,0,0,1,0,0,1,0,0,0,0,0,0,0,0,0,1,0,0,0,0,0,0,0,0,0,0,0,0,1,0,0,0,0,0,0,0,0,1,0,0,0,0,1,0,0,0,0,0,0,0,0,0,0,0,0,0,1,0,0,0,0,0,0,0,0,0,additive
194,AGTCAGCGTGGTCTTCCCGTGGTCCACATGGCCGAT,7,27,20,0,3,6,5,0,0,0,0,0,1,0,2,1,1,3,1,0,1,3,1,0,0,0,0,0,0,0,0,0,0,0,0,0,0,0,0,0,0,0,0,0,0,0,1,0,0,0,0,0,1,1,0,0,0,1,0,0,0,0,1,1,1,1,0,0,0,0,1,0,0,0,0,0,1,0,0,0,0,2,1,0,0,1,0,additive
195,CCGGAACACGTGCACGCGCGGTCACGTGGCCCGGCC,9,25,16,1,4,4,1,0,0,1,0,0,1,2,1,1,3,0,0,0,0,1,0,0,0,0,0,0,0,0,0,0,1,0,0,0,0,0,0,0,0,0,0,0,0,0,1,0,2,0,0,0,0,1,0,0,0,1,0,0,1,2,0,0,0,0,0,0,0,0,0,0,0,0,0,0,0,0,0,1,0,0,0,0,0,0,0,additive
196,ATGTGTGTGCACACGTGCAGACATGTGTCCCCCGGC,14,24,10,2,1,1,0,0,1,1,0,1,0,0,0,1,0,0,0,0,0,0,0,0,0,0,0,1,0,0,0,1,0,0,0,0,0,0,0,0,0,1,0,0,0,0,0,0,0,0,0,0,0,0,0,0,0,0,1,0,0,0,0,0,0,0,0,0,0,0,0,0,0,0,0,0,0,0,0,0,0,0,0,0,0,0,0,additive
197,AGTCGTCTGCACATGCGGTTCTGCATGTGGCCCCCA,12,26,14,0,3,2,3,0,0,0,0,0,1,1,1,1,0,0,1,0,1,1,1,0,0,0,0,0,0,0,0,0,0,0,0,0,0,0,0,0,0,0,0,0,0,0,1,1,0,0,0,0,0,0,1,0,0,0,1,0,0,0,0,0,0,0,0,0,1,0,0,0,0,0,0,0,0,1,0,0,0,0,1,0,0,1,0,additive
198,CCCCGGACACGCGGTGAGCGGACATGTGCCGGCCGC,10,25,15,2,4,2,1,0,1,1,0,2,1,1,0,1,1,0,0,0,1,0,0,0,0,0,0,0,0,1,0,1,0,0,0,0,0,0,0,0,1,1,0,1,0,0,0,0,1,0,0,0,0,0,0,0,0,0,1,0,1,0,0,0,0,0,0,0,0,0,0,0,0,0,0,1,0,0,0,0,0,0,0,0,0,0,0,additive
199,GTCTGCCGCGTGGACCAGTGAGCACGTGCTCCCGGG,9,25,16,3,3,3,1,0,2,1,0,1,0,1,1,2,0,1,0,0,1,0,0,0,0,0,0,0,0,1,1,0,0,1,0,0,0,0,0,0,1,0,0,0,0,0,0,1,0,0,0,0,1,0,0,0,1,1,0,0,0,0,0,1,0,0,0,0,0,0,0,0,0,0,0,1,0,0,0,0,0,0,0,0,0,0,0,additive
200,CTGTCTGTAACGTGGAGGTGTCACGTGCCAAGGGCT,11,24,13,1,3,1,2,0,1,0,0,0,1,0,2,1,0,0,0,0,1,1,0,0,0,0,0,0,1,0,0,0,0,0,0,0,0,0,0,0,0,0,0,0,0,0,1,0,0,0,0,0,1,1,0,0,0,1,0,0,0,0,0,0,0,0,0,0,0,0,0,0,0,0,0,0,0,0,1,1,0,0,0,0,0,0,0,additive
201,TCTTGCACGTGTCTTTTGGTGAACATGTGTGTACAT,8,26,18,2,3,2,5,1,0,1,0,1,1,0,1,1,0,0,1,0,2,0,3,0,0,1,0,0,0,0,0,1,0,0,0,0,0,0,0,1,0,0,0,0,0,0,1,0,0,0,0,0,1,0,0,0,0,0,1,0,0,0,0,0,0,0,0,0,0,0,1,0,0,0,0,1,1,0,0,0,0,0,0,0,1,0,2,additive
202,TCCAGAACACGTGATGGGAAGCATGTGGGTATGTAT,10,24,14,2,4,1,1,1,1,0,0,1,2,1,0,1,0,0,0,0,1,0,0,0,1,0,0,0,0,1,0,0,0,0,0,0,0,0,0,1,0,0,0,1,1,0,0,1,0,0,0,0,0,0,0,0,0,0,1,0,0,0,0,0,0,0,0,0,0,0,0,0,0,0,0,0,1,0,0,0,0,0,0,0,0,0,0,additive
203,AAGCCATCACATGGCTCTGCGCCACGTGCTCAGTAG,10,25,15,0,2,5,2,0,0,0,0,0,0,2,0,1,1,1,2,0,1,1,0,0,0,0,0,0,0,0,0,0,0,0,0,0,0,0,0,0,0,0,0,0,0,0,0,0,1,1,0,0,0,0,0,0,0,1,0,0,0,1,0,1,0,0,0,0,1,1,0,0,0,0,0,0,0,1,0,0,0,0,1,0,0,0,0,additive
204,CCCCCACGTGCCCCGCATATTTTCCACGCGGCTGCG,7,27,20,2,1,6,5,0,0,0,2,0,0,1,0,2,1,3,0,1,0,1,3,0,0,0,0,0,0,0,0,0,0,0,0,1,0,0,1,0,0,0,0,0,0,0,0,1,0,0,0,0,0,0,0,0,0,1,1,0,0,1,0,1,1,1,0,0,0,0,0,0,0,0,1,0,0,0,0,0,0,1,0,0,0,1,2,additive
205,CGGACACCAACGTGCTGACGCATGTTCATTAGCGAG,11,23,12,1,2,2,1,0,0,1,0,1,0,1,0,1,1,0,0,0,1,0,0,0,0,0,0,0,0,0,0,0,1,0,0,0,0,0,0,0,0,1,0,0,0,0,0,1,0,0,0,0,0,0,0,0,0,0,1,0,0,1,0,0,0,0,0,0,0,0,0,0,0,0,0,1,0,0,0,0,0,0,0,0,0,0,0,additive
206,CTTTAGTGACACGTGACACCATGTGCTGCTGACGCC,12,22,10,1,0,3,0,0,0,1,0,0,0,0,0,2,0,1,0,0,0,0,0,0,0,0,0,0,0,0,0,0,0,1,0,0,0,0,0,0,0,0,0,0,0,0,0,0,0,0,0,0,0,0,0,0,0,1,1,0,0,0,0,1,0,0,0,0,0,0,0,0,0,0,0,0,0,0,0,0,0,0,0,0,0,0,0,additive
207,TCTAGACCACATGGCAGCAGGCATGTGTGTCTGCGT,10,24,14,2,3,3,0,0,2,0,0,0,1,2,0,3,0,0,0,0,0,0,0,0,0,0,0,0,1,1,0,0,0,0,0,0,0,0,0,0,0,0,0,0,0,1,0,2,0,0,0,0,0,0,0,0,2,0,1,0,0,0,0,0,0,0,0,0,0,0,0,0,0,0,0,0,0,0,0,0,0,0,0,0,0,0,0,additive
208,TGTGCACACGTGTGTGTGCATGCACGCGTCTGCACC,9,25,16,1,4,2,3,0,0,0,1,0,0,2,2,2,0,0,0,0,3,0,0,0,0,0,0,0,0,0,0,0,0,0,0,0,1,0,0,0,0,0,0,0,0,0,0,2,0,0,0,0,2,0,0,0,0,1,1,0,0,0,0,0,0,0,0,0,0,0,0,0,0,0,0,0,0,2,1,0,0,0,0,0,0,0,0,additive
209,AATCCATGCATGCTGGTGGGACAGCATGGGTAGCCG,11,25,14,2,4,1,1,0,1,1,0,1,2,0,1,1,0,0,0,0,1,0,0,0,0,0,0,0,0,1,0,1,0,0,0,0,0,0,0,0,0,1,0,1,1,0,0,0,0,0,0,0,1,0,0,0,1,0,0,0,0,0,0,0,0,0,0,0,0,0,0,0,0,0,0,0,1,0,0,0,0,0,0,0,0,0,0,additive
210,AAACAGCATGTTGCTCCCCACTGCCTCGTGTTGTCT,9,27,18,1,1,8,2,0,0,1,0,0,0,1,0,1,0,4,3,0,1,1,0,0,0,0,0,0,0,0,0,0,0,0,1,0,0,0,0,0,0,0,0,0,0,0,0,0,0,1,0,0,0,0,0,0,0,1,0,0,0,0,0,1,0,2,1,0,1,2,0,0,0,0,0,0,0,1,0,0,0,1,0,0,0,0,0,additive
211,TGCCCACGTGCCTGCAACAGTGGCCACGTGGGGCCC,7,27,20,3,4,5,2,1,1,1,0,0,1,2,1,3,0,1,1,0,2,0,0,0,0,1,0,0,0,0,1,1,0,0,0,0,0,0,0,0,0,0,0,0,0,1,0,1,0,1,0,0,1,0,0,1,1,1,0,0,0,0,0,1,0,0,0,0,1,0,0,0,0,0,0,0,1,1,0,0,0,0,0,0,0,0,0,additive
212,GGTAGGACCGCGTGATCGCGCACGTGACCGCCCGCC,11,23,12,0,2,3,1,0,0,0,0,0,0,2,0,1,2,0,0,0,0,1,0,0,0,0,0,0,0,0,0,0,0,0,0,0,0,0,0,0,0,0,0,0,0,0,0,1,1,0,0,0,0,0,0,0,0,1,0,0,0,2,0,0,0,0,0,0,0,0,0,0,0,0,0,0,0,0,0,0,1,0,0,0,0,0,0,additive
213,GAGAAACCATGTGTAAAAGGGGCACGTGGCCCTGCC,10,25,15,4,4,1,0,3,1,0,0,0,3,1,0,1,0,0,0,0,0,0,0,2,1,0,0,0,1,0,0,0,0,0,0,0,0,0,0,0,0,0,0,0,2,1,0,1,0,0,0,0,0,0,0,0,0,1,0,0,0,0,0,0,0,0,0,0,0,0,0,0,0,0,0,0,0,0,0,0,0,0,0,0,0,0,0,additive
214,CTCCCCCAACCACGTGGCAACCACGTGCTCCCAGCG,13,24,11,2,0,3,0,1,0,1,0,0,0,0,0,2,0,1,0,0,0,0,0,0,0,1,0,0,0,0,0,0,0,1,0,0,0,0,0,0,0,0,0,0,0,0,0,0,0,0,0,0,0,0,0,1,0,1,0,0,0,0,0,1,0,0,0,0,0,0,0,0,0,0,0,0,0,0,0,0,0,0,0,0,0,0,0,additive
215,ACAACACGGCATGGAGCAGCTCCACATGGACACCCC,10,25,15,2,2,4,1,0,2,0,0,0,0,2,0,2,0,1,1,0,0,1,0,0,0,0,0,0,0,2,0,0,0,0,0,0,0,0,0,0,0,0,0,0,0,0,0,1,0,0,1,0,0,0,0,0,1,1,0,0,0,0,0,1,0,0,0,0,0,1,0,0,0,0,0,0,0,0,0,0,0,1,0,0,0,0,0,additive
216,CCCCAACACGTGCTTATGTAACCACGTGGAAAGCGG,9,25,16,3,1,2,4,1,0,1,1,0,0,0,1,1,0,1,0,2,1,0,1,0,0,1,0,0,0,0,0,0,0,1,0,0,1,0,0,0,0,0,0,0,0,0,0,0,0,0,0,1,0,0,0,0,0,1,0,0,0,0,0,1,0,0,0,0,0,0,0,1,0,0,1,0,0,0,1,0,0,0,0,1,0,0,0,additive
217,ATTACAACACGCATGCGCCAAGCCCACGCGGTTCCG,14,27,13,2,1,4,0,1,1,0,0,0,0,1,0,2,0,2,0,0,0,0,0,0,1,0,0,0,0,1,0,0,0,0,0,0,0,0,0,0,0,0,0,0,0,0,0,0,0,1,0,0,0,0,0,1,0,1,0,0,0,0,0,1,0,1,0,0,0,0,0,0,0,0,0,0,0,0,0,0,0,0,0,0,0,0,0,additive
218,AATCCCACCATGTGGGAGGCCAACGTGGGAGGATCA,11,24,13,2,3,2,0,1,1,0,0,1,1,1,0,1,0,1,0,0,0,0,0,0,0,1,0,0,1,0,0,0,0,0,0,0,0,0,0,0,1,0,0,0,0,1,0,0,0,1,0,0,0,0,0,1,0,0,0,0,0,0,0,1,0,0,0,0,0,0,0,0,0,0,0,0,0,0,0,0,0,0,0,0,0,0,0,additive
219,TGCAATCCATGTGCTGCGGAACCATGCTGTGGGACC,10,25,15,2,3,3,1,1,0,1,0,1,1,1,0,1,1,1,0,0,1,0,0,0,0,1,0,0,0,0,0,0,0,1,0,0,0,0,0,1,0,0,0,1,0,0,0,0,1,0,0,0,0,0,0,0,0,0,1,0,1,0,0,1,0,0,0,0,0,0,0,0,0,0,0,0,0,1,0,0,0,0,0,0,0,0,0,additive
220,GCCCACCACGCGCTCCGGGTAGCACGTGTCCAGCCC,9,25,16,1,4,3,2,0,1,0,0,0,2,1,1,1,1,1,0,1,0,1,0,0,0,0,0,0,0,1,0,0,0,0,0,0,0,0,0,0,0,0,0,0,1,0,1,1,0,0,0,1,0,0,0,0,0,1,0,0,1,0,0,0,1,0,0,0,0,0,0,0,1,0,0,0,0,0,0,0,0,1,0,0,0,0,0,additive
221,AGCTGCATGTGTTGCAATCCGCTCACATGGGGCCTG,8,26,18,2,2,5,3,1,0,0,1,0,0,2,0,2,1,1,1,0,1,2,0,0,0,0,1,0,0,0,0,0,0,0,0,0,0,1,0,0,0,0,0,0,0,0,0,1,0,0,1,0,0,0,0,1,0,1,0,0,0,1,0,0,1,0,0,0,0,1,0,0,0,0,0,0,0,1,0,1,0,1,0,0,0,0,0,additive
222,CATCCATGTGAGAGTGTTTTTGTGCATGTGTGGGCT,7,27,20,1,5,1,7,0,1,0,0,1,0,1,3,1,0,0,0,0,3,0,4,0,0,0,0,0,0,0,1,0,0,0,0,0,0,0,0,0,1,0,0,0,0,0,0,1,0,0,0,0,2,0,1,0,0,0,1,0,0,0,0,0,0,0,0,0,0,0,0,0,0,0,0,0,0,1,2,0,0,0,0,0,1,0,3,additive
223,GGCACGCGTGCGGGCGTCACCGTGCGCGTGCGACCC,7,27,20,1,6,5,2,0,0,1,0,0,2,2,2,1,3,1,0,0,1,1,0,0,0,0,0,0,0,0,0,0,0,1,0,0,0,0,0,0,0,0,0,0,1,1,0,0,2,0,0,0,1,1,0,0,0,1,0,0,0,1,2,0,1,0,0,0,0,0,0,0,0,0,0,0,0,1,0,1,0,0,0,0,0,0,0,additive
224,ACGCAGCGTGGGACCATGACGCGCCACATGCGCAGC,7,27,20,3,4,6,1,0,0,2,1,2,0,2,0,2,2,2,0,0,1,0,0,0,0,0,0,0,0,0,0,0,1,1,0,0,1,0,0,0,0,2,0,0,0,0,0,0,1,1,0,0,0,0,0,0,0,1,1,0,0,2,0,2,0,0,0,0,0,0,0,0,0,0,0,1,0,0,0,0,0,0,0,0,0,0,0,additive
225,GCATGCAGCCACATGGCCCCACATGGTGCAGTTCTG,12,22,10,0,0,4,0,0,0,0,0,0,0,0,0,1,0,3,0,0,0,0,0,0,0,0,0,0,0,0,0,0,0,0,0,0,0,0,0,0,0,0,0,0,0,0,0,0,0,0,0,0,0,0,0,0,0,1,0,0,0,0,0,1,0,2,0,0,0,0,0,0,0,0,0,0,0,0,0,0,0,0,0,0,0,0,0,additive
226,CGGTGCGCGTGCGCGGTAGGAGACACGAGGGTAGTA,8,26,18,3,6,2,1,0,2,1,0,2,2,1,1,1,1,0,0,1,0,0,0,0,0,0,0,1,1,0,0,1,0,0,0,0,0,0,0,0,1,1,0,1,0,0,1,0,1,0,0,1,0,0,0,0,0,1,0,0,1,0,0,0,0,0,0,0,0,0,0,0,1,0,0,0,0,0,0,0,0,0,0,0,0,0,0,additive
227,CACCCTGTCACGTGGTTAAGCACGTGAGTTCTGCAG,11,23,12,2,1,1,2,1,1,0,0,0,0,1,0,1,0,0,0,1,0,0,1,0,1,0,0,0,0,1,0,0,0,0,0,0,0,0,0,0,0,0,0,0,0,0,0,1,0,0,0,0,0,0,0,0,0,1,0,0,0,0,0,0,0,0,0,0,0,0,0,1,0,0,0,0,0,0,0,0,0,0,0,1,0,0,0,additive
228,CAGCACAAGCATGCGTGCGCGCGTGCGCGCGCACAC,12,22,10,0,2,2,0,0,0,0,0,0,0,2,0,0,2,0,0,0,0,0,0,0,0,0,0,0,0,0,0,0,0,0,0,0,0,0,0,0,0,0,0,0,0,0,0,0,2,0,0,0,0,0,0,0,0,0,0,0,0,2,0,0,0,0,0,0,0,0,0,0,0,0,0,0,0,0,0,0,0,0,0,0,0,0,0,additive
229,GCCGCGGCCCACGCGGCGGGAGCACGCGGAGGCCTT,12,25,13,1,4,2,0,0,1,0,0,1,2,1,0,1,1,0,0,0,0,0,0,0,0,0,0,0,0,1,0,0,0,0,0,0,0,0,0,0,1,0,0,1,1,0,0,1,0,0,0,0,0,0,0,0,0,1,0,0,1,0,0,0,0,0,0,0,0,0,0,0,0,0,0,0,0,0,0,0,0,0,0,0,0,0,0,additive
230,AGAAGTCACGTGGCAGCCGGAAAGCGTGGCGGCTGC,9,25,16,4,3,3,0,2,2,0,0,1,1,1,0,1,1,1,0,0,0,0,0,1,1,0,0,0,0,2,0,0,0,0,0,0,0,0,0,1,0,0,0,1,0,0,0,0,0,1,0,0,0,0,0,0,1,0,0,0,1,0,0,0,1,0,0,0,0,0,0,0,0,0,0,0,0,0,0,0,0,0,0,0,0,0,0,additive
231,GATACCATGTGGAGAGAGAGAAGCCACGTGGAAGAC,8,27,19,6,5,2,0,1,5,0,0,4,0,1,0,1,0,1,0,0,0,0,0,0,1,0,0,4,0,1,0,0,0,0,0,0,0,0,0,1,3,0,0,0,0,0,0,0,0,1,0,0,0,0,0,0,0,1,0,0,0,0,0,1,0,0,0,0,0,0,0,0,0,0,0,0,0,0,0,0,0,0,0,0,0,0,0,additive
232,CGGAAATCGCGTGACTCGCCCCCCTCACGTGGGCCG,8,28,20,1,2,9,2,0,0,1,0,1,0,1,0,1,1,5,2,0,0,2,0,0,0,0,0,0,0,0,0,0,0,0,1,0,0,0,0,0,0,1,0,0,0,0,0,0,0,1,0,0,0,0,0,0,0,1,0,0,0,1,0,0,0,4,1,0,0,2,0,0,0,0,0,0,0,0,0,1,1,0,0,0,0,0,0,additive
233,ACCTACCATGTGAGCTGGGCACCCACGTGGGTCTCA,9,26,17,1,4,5,1,0,0,1,0,0,2,2,0,2,0,2,1,0,1,0,0,0,0,0,0,0,0,0,0,0,0,1,0,0,0,0,0,0,0,0,0,0,1,1,0,1,0,0,1,0,0,0,0,0,0,2,0,0,0,0,0,1,0,1,0,0,1,0,0,0,0,0,0,0,1,0,0,0,0,0,0,0,0,0,0,additive
234,ACCTCGCATGTGGCCCACAGGCCACGTTCCACTACC,9,25,16,2,2,6,0,0,1,1,0,0,1,1,0,3,0,3,0,0,0,0,0,0,0,0,0,0,1,0,0,1,0,0,0,0,0,0,0,0,0,0,0,0,0,1,0,0,0,1,0,0,0,0,0,0,1,2,0,0,0,0,0,2,0,1,0,0,0,0,0,0,0,0,0,0,0,0,0,0,0,0,0,0,0,0,0,additive
235,CGTGGTCACGTGACCGTCACTTCACGTGACCGCGCG,9,25,16,1,1,5,3,0,0,1,0,0,0,0,1,2,1,1,1,0,0,2,1,0,0,0,0,0,0,0,0,0,0,0,1,0,0,0,0,0,0,0,0,0,0,0,0,0,0,0,0,0,0,1,0,0,0,2,0,0,0,0,1,0,1,0,0,0,0,0,1,0,0,0,0,0,0,0,0,2,0,0,0,0,0,1,0,additive
236,AGCGGCCACGTTGATCTGCGATACGCGTGTTTGCCC,9,26,17,3,2,3,3,0,0,1,2,1,0,1,0,0,2,0,1,1,1,1,0,0,0,0,0,0,0,0,0,0,1,0,0,1,0,1,0,0,0,0,1,0,0,0,0,0,1,0,0,0,0,0,0,0,0,0,0,1,0,1,0,0,0,0,0,0,1,0,0,0,0,1,0,0,0,1,0,0,0,0,1,0,0,0,0,additive
237,CGCAGTCACGTGACCAAACGTCCACGTGACCGGTAC,9,25,16,3,1,5,1,2,0,1,0,0,0,0,1,2,1,2,0,0,0,1,0,1,0,1,0,0,0,0,0,0,1,0,0,0,0,0,0,0,0,0,0,0,0,0,0,0,0,0,0,0,0,1,0,1,0,1,0,0,0,0,1,2,0,0,0,0,0,0,0,0,0,0,0,0,0,0,0,0,0,1,0,0,0,0,0,additive
238,ATCACCACGTGTCAAGGGAGAGACCACGCGGAGGCA,8,27,19,5,5,3,0,1,3,1,0,3,2,0,0,2,0,1,0,0,0,0,0,0,1,0,0,2,1,0,0,0,0,1,0,0,0,0,0,0,2,1,0,1,1,0,0,0,0,0,0,0,0,0,0,1,0,1,0,0,0,0,0,1,0,0,0,0,0,0,0,0,0,0,0,0,0,0,0,0,0,0,0,0,0,0,0,additive
239,CAGCAGACACGCGCTTCAGGCCCACATGGCGCAGGA,10,25,15,1,2,4,2,0,1,0,0,0,1,1,0,2,0,2,0,0,0,1,1,0,0,0,0,0,1,0,0,0,0,0,0,0,0,0,0,0,0,0,0,0,0,1,0,0,0,1,0,0,0,0,0,0,1,1,0,0,0,0,0,1,0,1,0,0,0,0,0,0,0,0,0,0,0,0,0,1,0,0,0,0,0,1,0,additive
240,CCAGAGCACATGGTTAAGTCTGCCGCGTGGACCAGT,9,26,17,2,2,3,4,1,1,0,0,0,0,1,1,0,1,1,1,1,1,1,1,0,1,0,0,0,0,0,1,0,0,0,0,0,0,0,0,0,0,0,0,0,0,0,0,0,0,1,0,0,0,1,0,0,0,0,0,0,0,1,0,0,1,0,0,0,1,0,0,1,0,0,0,0,0,1,0,0,0,0,1,1,0,0,0,additive
241,CCCGAATCCCATGTGACCCCATGCTGTGCACAGTCA,12,22,10,0,0,4,0,0,0,0,0,0,0,0,0,1,0,3,0,0,0,0,0,0,0,0,0,0,0,0,0,0,0,0,0,0,0,0,0,0,0,0,0,0,0,0,0,0,0,0,0,0,0,0,0,0,0,0,1,0,0,0,0,1,0,2,0,0,0,0,0,0,0,0,0,0,0,0,0,0,0,0,0,0,0,0,0,additive
242,CCCTTGTCCACGTGTCCATCACATGCACATTTCTGC,11,28,17,3,1,5,2,0,0,1,2,0,0,1,0,4,0,1,0,0,1,1,0,0,0,0,0,0,0,0,0,1,0,0,0,0,1,1,0,0,0,0,0,0,0,0,0,1,0,0,0,0,0,0,0,0,0,2,2,0,0,0,0,1,0,0,0,0,0,0,0,0,0,0,0,0,0,1,0,1,0,0,0,0,0,0,0,additive
243,GAGCAGCATGTGTGGGTGCTCAGCATGTGTGAGCTG,9,26,17,1,5,3,2,0,1,0,0,0,2,2,1,2,0,0,1,0,1,1,0,0,0,0,0,0,0,1,0,0,0,0,0,0,0,0,0,0,0,0,0,0,1,0,1,1,0,0,1,0,1,0,0,0,1,0,1,0,0,0,0,0,0,0,0,0,0,1,0,0,0,0,0,0,0,1,0,1,0,0,0,0,0,0,0,additive
244,GCGCGGGCCATGCGTGCGCACACGCGCGCCCGCCCG,11,21,10,0,2,2,0,0,0,0,0,0,0,2,0,1,1,0,0,0,0,0,0,0,0,0,0,0,0,0,0,0,0,0,0,0,0,0,0,0,0,0,0,0,0,0,0,1,1,0,0,0,0,0,0,0,0,1,0,0,0,1,0,0,0,0,0,0,0,0,0,0,0,0,0,0,0,0,0,0,0,0,0,0,0,0,0,additive
245,GTGCGCGCACGCGCGCCCCTGCCGCGTGCAGCCGCC,10,25,15,0,2,6,1,0,0,0,0,0,0,2,0,0,1,4,1,0,1,0,0,0,0,0,0,0,0,0,0,0,0,0,0,0,0,0,0,0,0,0,0,0,0,0,0,0,0,2,0,0,0,0,0,0,0,0,0,0,0,1,0,0,1,2,1,0,1,0,0,0,0,0,0,0,0,1,0,0,0,0,0,0,0,0,0,additive
246,GTGTTCGCGCGTGCGTGCTTGCACATGCGCGCCACC,10,24,14,0,3,2,3,0,0,0,0,0,0,2,1,1,0,0,1,0,2,0,1,0,0,0,0,0,0,0,0,0,0,0,0,0,0,0,0,0,0,0,0,0,0,0,0,1,0,0,1,0,1,0,0,0,0,1,0,0,0,0,0,0,0,0,0,0,0,0,1,0,0,0,0,0,0,2,0,0,0,0,0,0,1,0,0,additive
247,CACGCGCCACGCTCCCAGCGCCATGTGCGGCCGATC,10,24,14,1,2,5,0,0,1,0,0,0,0,2,0,2,1,2,0,0,0,0,0,0,0,0,0,0,0,1,0,0,0,0,0,0,0,0,0,0,0,0,0,0,0,0,0,0,1,1,0,0,0,0,0,0,1,0,1,0,0,1,0,2,0,0,0,0,0,0,0,0,0,0,0,0,0,0,0,0,0,0,0,0,0,0,0,additive
248,CGACGCGCACACGCGGTCGCACGCGGCCCCCCGAGC,10,22,12,0,3,2,1,0,0,0,0,0,1,1,1,1,1,0,0,0,0,1,0,0,0,0,0,0,0,0,0,0,0,0,0,0,0,0,0,0,0,0,0,0,0,0,1,1,0,0,0,0,0,1,0,0,0,1,0,0,0,1,0,0,0,0,0,0,0,0,0,0,0,0,0,0,0,0,0,0,1,0,0,0,0,0,0,additive
249,GCGGCAGCCCCACGCGGCGGCCACATGCAGCGGCGT,13,24,11,0,2,3,0,0,0,0,0,0,1,1,0,1,1,1,0,0,0,0,0,0,0,0,0,0,0,0,0,0,0,0,0,0,0,0,0,0,0,0,0,0,0,1,0,0,0,1,0,0,0,0,0,0,0,1,0,0,1,0,0,1,0,0,0,0,0,0,0,0,0,0,0,0,0,0,0,0,0,0,0,0,0,0,0,additive
250,CGCGCACCCCGCGTGCCTCCACGTTCCACACGTAAC,12,22,10,0,0,3,1,0,0,0,0,0,0,0,0,1,0,1,1,0,0,1,0,0,0,0,0,0,0,0,0,0,0,0,0,0,0,0,0,0,0,0,0,0,0,0,0,0,0,0,0,0,0,0,0,0,0,1,0,0,0,0,0,1,0,0,0,0,0,1,0,0,0,0,0,0,0,0,0,0,0,1,0,0,0,0,0,additive
251,CTCCACTCACGTGCCCGTAGCCAGCATGGCCGGCCC,10,25,15,2,2,4,1,0,2,0,0,0,0,1,1,1,1,2,0,1,0,0,0,0,0,0,0,0,0,2,0,0,0,0,0,0,0,0,0,0,0,0,0,0,0,0,0,0,0,1,0,1,0,0,0,0,1,0,0,0,0,0,1,1,1,0,0,0,0,0,0,0,1,0,0,0,0,0,0,0,0,0,0,0,0,0,0,additive
252,CAGTCGTCCACGCTGCGCAACCACGTGCGCCTGCAC,11,24,13,2,1,4,0,1,0,1,0,0,0,1,0,2,1,1,0,0,0,0,0,0,0,1,0,0,0,0,0,0,0,1,0,0,0,0,0,0,0,0,0,0,0,0,0,1,0,0,0,0,0,0,0,1,0,1,0,0,0,1,0,1,0,0,0,0,0,0,0,0,0,0,0,0,0,0,0,0,0,0,0,0,0,0,0,additive
253,GGAACACACATGCTCACACACATGCATGCACGCTGG,9,21,12,2,0,3,1,0,0,2,0,0,0,0,0,3,0,0,0,0,0,1,0,0,0,0,0,0,0,0,0,2,0,0,0,0,0,0,0,0,0,0,0,0,0,0,0,0,0,0,0,0,0,0,0,0,0,3,0,0,0,0,0,0,0,0,0,0,0,0,0,0,0,0,0,0,0,0,0,1,0,0,0,0,0,0,0,additive
254,CTGCACACGTGACCGCACTGTAGCACGTGATGGCGC,8,26,18,2,3,5,2,0,1,1,0,0,0,2,1,2,1,1,1,1,1,0,0,0,0,0,0,0,0,1,0,0,0,0,1,0,0,0,0,0,0,0,0,0,0,0,0,2,0,0,0,1,0,0,0,0,0,2,0,0,0,1,0,0,1,0,0,0,1,0,0,0,1,0,0,0,0,0,1,0,0,0,0,0,0,0,0,additive
255,ACAGCCACGTGGGTGTTAGAAGCCACATGGCCCATC,8,26,18,3,4,2,3,1,2,0,0,1,0,1,2,1,0,1,0,1,1,0,1,0,1,0,0,1,0,1,0,0,0,0,0,0,0,0,0,1,0,0,0,0,0,0,0,0,0,1,0,0,1,0,1,0,0,1,0,0,0,0,0,1,0,0,0,0,0,0,0,0,1,0,0,0,0,0,1,0,0,0,0,1,0,0,0,additive
256,ACGGCCATGTGGCCTTGGACCGTCCACGTGGCCTTG,8,27,19,1,3,6,3,0,0,1,0,1,1,0,1,1,1,3,1,0,1,1,1,0,0,0,0,0,0,0,0,0,0,1,0,0,0,0,0,0,0,1,0,1,0,0,0,0,0,0,0,0,0,1,0,0,0,1,0,0,0,0,1,1,1,0,1,0,0,0,1,0,0,0,0,0,1,0,0,0,0,1,0,0,1,0,0,additive
257,GGGCGCCACGTGGCCCCGCCCCCGCCGCGTGCGCAT,9,28,19,0,2,11,0,0,0,0,0,0,0,2,0,0,3,8,0,0,0,0,0,0,0,0,0,0,0,0,0,0,0,0,0,0,0,0,0,0,0,0,0,0,0,0,0,0,0,2,0,0,0,0,0,0,0,0,0,0,0,3,0,0,3,5,0,0,0,0,0,0,0,0,0,0,0,0,0,0,0,0,0,0,0,0,0,additive
258,TCACCACATGCCACAGATCAAGACCACGTGCTCCTG,7,27,20,6,2,5,1,1,2,2,1,2,0,0,0,4,0,1,0,0,0,1,0,0,1,0,0,2,0,0,0,1,0,1,0,0,0,1,0,0,0,1,1,0,0,0,0,0,0,0,0,0,0,0,0,1,1,2,0,0,0,0,0,1,0,0,0,0,0,0,0,0,0,0,0,0,0,0,0,1,0,0,0,0,0,0,0,additive
259,CCACACACGTGCTCAAGCTCACAACACATGGATAGT,8,27,19,5,1,5,2,2,1,2,0,0,0,1,0,4,0,0,1,0,0,2,0,0,1,1,0,0,0,1,0,2,0,0,0,0,0,0,0,0,0,0,0,0,0,0,0,0,0,0,1,0,0,0,0,2,0,2,0,0,0,0,0,0,0,0,0,0,0,1,0,0,0,0,0,0,0,0,0,2,0,0,0,0,0,0,0,additive
260,CGAGCGCACGCGCATACGTTGACCGCATGCGACCCC,9,26,17,3,2,3,3,0,0,2,1,1,0,0,1,0,2,1,0,1,1,0,1,0,0,0,0,0,0,0,0,0,1,1,0,1,0,0,0,0,0,1,0,0,0,0,0,0,0,0,0,0,0,0,1,0,0,0,0,0,0,1,1,0,1,0,0,0,0,0,0,0,0,1,0,1,0,0,0,0,0,0,0,0,1,0,0,additive
261,GGGACCCATGCGGGACGGTAGACAGCGTGGGCAGGG,9,26,17,4,4,2,1,0,2,2,0,2,1,0,1,1,1,0,0,1,0,0,0,0,0,0,0,1,0,1,0,1,1,0,0,0,0,0,0,0,0,2,0,0,0,0,1,0,0,0,0,1,0,0,0,0,1,0,0,0,1,0,0,0,0,0,0,0,0,0,0,0,1,0,0,0,0,0,0,0,0,0,0,0,0,0,0,additive
262,TCCGGACCACGTGACCCCGCCCACGTGACGTCCCCT,10,24,14,0,1,7,0,0,0,0,0,0,0,1,0,1,1,5,0,0,0,0,0,0,0,0,0,0,0,0,0,0,0,0,0,0,0,0,0,0,0,0,0,0,0,0,0,0,0,1,0,0,0,0,0,0,0,1,0,0,0,1,0,1,1,3,0,0,0,0,0,0,0,0,0,0,0,0,0,0,0,0,0,0,0,0,0,additive
263,TCTTGGCATGTGGAGTCTAGCACCACATGAGAAGGG,9,26,17,3,2,4,2,0,2,1,0,0,0,1,1,2,0,1,1,1,0,1,0,0,0,0,0,0,0,1,1,0,0,1,0,0,0,0,0,0,0,0,0,0,0,0,0,1,0,0,0,0,0,1,0,0,0,2,0,0,0,0,0,1,0,0,0,1,0,0,0,0,1,0,0,0,0,0,0,0,0,0,1,0,0,0,0,additive
264,TGACGTCATGTGGCCCGTGTCGCCACGTGCTTCCAG,9,26,17,0,3,6,2,0,0,0,0,0,0,1,2,1,2,3,0,0,1,1,0,0,0,0,0,0,0,0,0,0,0,0,0,0,0,0,0,0,0,0,0,0,0,0,0,0,0,1,0,0,1,1,0,0,0,1,0,0,0,1,1,1,1,1,0,0,0,0,0,0,0,0,0,0,0,0,1,0,1,0,0,0,0,0,0,additive
265,CATTTCCGCCACGTGACCCGCGCATGCGCCTGCTTG,12,23,11,0,1,4,0,0,0,0,0,0,0,1,0,0,2,2,0,0,0,0,0,0,0,0,0,0,0,0,0,0,0,0,0,0,0,0,0,0,0,0,0,0,0,0,0,0,1,0,0,0,0,0,0,0,0,0,0,0,0,2,0,0,1,1,0,0,0,0,0,0,0,0,0,0,0,0,0,0,0,0,0,0,0,0,0,additive
266,GGGGCGGCCATGCTGCCAGGCACATGTAGGGGCAAG,11,23,12,1,2,3,0,0,1,0,0,0,1,1,0,2,0,1,0,0,0,0,0,0,0,0,0,0,1,0,0,0,0,0,0,0,0,0,0,0,0,0,0,0,0,1,0,1,0,0,0,0,0,0,0,0,1,1,0,0,0,0,0,1,0,0,0,0,0,0,0,0,0,0,0,0,0,0,0,0,0,0,0,0,0,0,0,additive
267,CCATTAGGCCACGCGGCCGCACGCGGGTGCTAATTT,12,22,10,0,1,3,0,0,0,0,0,0,0,1,0,1,1,1,0,0,0,0,0,0,0,0,0,0,0,0,0,0,0,0,0,0,0,0,0,0,0,0,0,0,0,0,0,1,0,0,0,0,0,0,0,0,0,1,0,0,0,1,0,0,1,0,0,0,0,0,0,0,0,0,0,0,0,0,0,0,0,0,0,0,0,0,0,additive
268,TTGCCACGTGACCCGCTCCGCATACACGTGACCAGC,7,27,20,2,2,8,2,0,0,1,1,0,0,2,0,2,2,3,1,1,0,1,0,0,0,0,0,0,0,0,0,1,0,0,0,1,0,0,0,0,0,0,0,0,0,0,0,1,0,0,1,0,0,0,0,0,0,1,1,0,0,2,0,0,2,1,0,0,0,1,0,0,0,1,0,0,0,0,0,0,0,1,0,0,0,0,0,additive
269,GCCGGGCCATGTGCTCAGCGCCCGCGTGGAGGTGGG,10,25,15,1,2,5,1,0,1,0,0,0,0,2,0,1,2,2,0,0,0,1,0,0,0,0,0,0,0,1,0,0,0,0,0,0,0,0,0,0,0,0,0,0,0,0,0,0,1,1,0,0,0,0,0,0,1,0,0,0,0,2,0,0,1,1,0,0,0,0,0,0,0,0,0,0,0,0,0,1,0,0,0,0,0,0,0,additive
270,TAGCCATGTGGCTAATTGTTTTTCCACGTGCTGCCT,7,27,20,2,1,3,8,1,0,0,1,0,0,0,1,1,0,1,1,1,1,1,5,0,0,0,1,0,0,0,0,0,0,0,0,0,0,0,1,0,0,0,0,0,0,0,0,0,0,0,0,0,0,0,1,0,0,1,0,0,0,0,0,1,0,0,0,1,0,0,0,1,0,0,0,0,0,0,1,0,0,1,0,0,1,1,3,additive
271,GGTGAGTCCACGTGATTAGTCACATGGTTGATGACA,11,23,12,1,1,1,3,0,1,0,0,0,0,0,1,1,0,0,0,1,0,1,1,0,0,0,0,0,0,0,1,0,0,0,0,0,0,0,0,0,0,0,0,0,0,0,0,0,0,0,0,0,0,1,0,0,0,1,0,0,0,0,0,0,0,0,0,0,0,0,0,0,1,0,0,0,0,0,0,1,0,0,0,1,0,0,0,additive
272,GGGTGGACCACGCGAGTCAGCACGCGGCTGTCTATT,11,23,12,1,2,2,1,0,1,0,0,0,0,1,1,2,0,0,0,0,0,1,0,0,0,0,0,0,0,1,0,0,0,0,0,0,0,0,0,0,0,0,0,0,0,0,0,1,0,0,0,0,0,1,0,0,1,1,0,0,0,0,0,0,0,0,0,0,0,0,0,0,0,0,0,0,0,0,0,1,0,0,0,0,0,0,0,additive
273,AGGGACACGAGGGCGCCGGGCCTGCACGTGGGACCC,8,27,19,0,6,6,1,0,0,0,0,0,2,4,0,1,2,2,1,0,1,0,0,0,0,0,0,0,0,0,0,0,0,0,0,0,0,0,0,0,0,0,0,0,1,1,0,1,1,2,0,0,0,0,0,0,0,1,0,0,1,1,0,0,1,0,1,0,1,0,0,0,0,0,0,0,0,1,0,0,0,0,0,0,0,0,0,additive
274,CCGGGTCACGTGGGTCCAGGGTCACGTGCCGCTGCG,9,25,16,1,4,3,2,0,1,0,0,0,2,0,2,2,0,1,0,0,0,2,0,0,0,0,0,0,1,0,0,0,0,0,0,0,0,0,0,0,0,0,0,0,1,0,1,0,0,0,0,0,0,2,0,0,1,1,0,0,0,0,0,1,0,0,0,0,0,0,0,0,0,0,0,0,0,0,0,1,0,1,0,0,0,0,0,additive
275,CCCCTCTCACGTGACTCGGTGCCGCGTGCTCCCAGG,10,25,15,0,3,4,2,0,0,0,0,0,1,1,1,0,2,1,1,0,1,1,0,0,0,0,0,0,0,0,0,0,0,0,0,0,0,0,0,0,0,0,0,0,0,0,1,0,0,1,0,0,1,0,0,0,0,0,0,0,1,1,0,0,1,0,0,0,0,1,0,0,0,0,0,0,0,1,0,0,1,0,0,0,0,0,0,additive
276,GAGGCCACCATGTGACAGAGCACATGGAACATGCAG,11,23,12,2,2,2,0,0,2,0,0,1,0,1,0,2,0,0,0,0,0,0,0,0,0,0,0,1,0,1,0,0,0,0,0,0,0,0,0,0,1,0,0,0,0,0,0,1,0,0,0,0,0,0,0,0,1,1,0,0,0,0,0,0,0,0,0,0,0,0,0,0,0,0,0,0,0,0,0,0,0,0,0,0,0,0,0,additive
277,CGTATGATGCACATGCACCCATGCTGTGTGAGCTCT,12,22,10,1,0,3,0,0,0,1,0,0,0,0,0,1,0,2,0,0,0,0,0,0,0,0,0,0,0,0,0,0,0,1,0,0,0,0,0,0,0,0,0,0,0,0,0,0,0,0,0,0,0,0,0,0,0,0,1,0,0,0,0,1,0,1,0,0,0,0,0,0,0,0,0,0,0,0,0,0,0,0,0,0,0,0,0,additive
278,AGGCCCGCACGCGGGCTCGAGCCGCGTGGAATGGTA,10,25,15,1,3,4,1,0,1,0,0,1,0,2,0,0,2,1,1,0,0,1,0,0,0,0,0,0,0,1,0,0,0,0,0,0,0,0,0,0,1,0,0,0,0,0,0,0,0,1,1,0,0,0,0,0,0,0,0,1,0,1,0,0,1,0,0,0,0,1,0,0,0,0,0,0,0,0,0,0,1,0,0,0,0,0,0,additive
279,CGAGCACGTGGGGTTGACGGGCGCCGCGTGGAGGCA,7,27,20,1,7,4,2,0,0,1,0,1,3,2,1,0,3,1,0,0,1,0,1,0,0,0,0,0,0,0,0,0,1,0,0,0,0,0,0,0,0,1,0,0,1,1,1,0,1,1,0,0,0,0,1,0,0,0,0,0,1,2,0,0,1,0,0,0,0,0,0,0,0,0,0,1,0,0,0,0,0,0,0,0,1,0,0,additive
280,GGTAGTCACGTGTCCGCGGGTGTCACGTGCTCGCGT,9,26,17,0,5,4,2,0,0,0,0,0,2,1,2,1,2,1,0,0,1,1,0,0,0,0,0,0,0,0,0,0,0,0,0,0,0,0,0,0,0,0,0,0,1,0,1,0,1,0,0,0,1,1,0,0,0,1,0,0,1,1,0,0,1,0,0,0,0,0,0,0,0,0,0,0,0,0,1,1,0,0,0,0,0,0,0,additive
281,GCGTCCACATGGCTTCAGGTGTTCACATGGCAGTAA,8,26,18,1,3,3,5,0,1,0,0,0,1,0,2,2,0,0,1,0,1,2,2,0,0,0,0,0,1,0,0,0,0,0,0,0,0,0,0,0,0,0,0,0,0,0,1,0,0,0,0,0,1,0,1,0,1,1,0,0,0,0,0,0,0,0,0,0,0,0,1,0,0,0,0,0,0,0,1,2,0,0,0,0,0,2,0,additive
282,CCCCCTCCACGTGACGACCCAGGACACATGCGCACC,10,27,17,3,3,5,0,0,1,2,0,2,1,0,0,2,1,2,0,0,0,0,0,0,0,0,0,0,1,0,0,1,0,1,0,0,0,0,0,0,0,2,0,1,0,0,0,0,0,0,0,0,0,0,0,0,1,1,0,1,0,0,0,1,0,1,0,0,0,0,0,0,0,0,0,0,0,0,0,0,0,0,0,0,0,0,0,additive
283,CACACAGCACATGCCTGATCACACGTGGGCGCTGGG,10,24,14,2,1,3,2,0,0,1,1,1,0,0,0,2,0,0,1,0,1,1,0,0,0,0,0,0,0,0,0,1,0,0,0,0,0,1,0,0,0,0,1,0,0,0,0,0,0,0,0,0,0,0,0,0,0,2,0,0,0,0,0,0,0,0,0,0,1,0,0,0,0,0,0,1,0,0,0,1,0,0,0,0,0,0,0,additive
284,GACGCACGTGCCCAGAGGAAGGGCCATGTGAGGACA,7,27,20,4,6,4,0,1,3,0,0,2,3,1,0,2,0,2,0,0,0,0,0,0,1,0,0,1,2,0,0,0,0,0,0,0,0,0,0,1,1,0,0,1,1,1,0,0,0,1,0,0,0,0,0,0,1,0,1,0,0,0,0,2,0,0,0,0,0,0,0,0,0,0,0,0,0,0,0,0,0,0,0,0,0,0,0,additive
285,GGGGCCGCGTGCCCGGGGCGGGGCCACGCGCGATTG,8,27,19,0,8,5,0,0,0,0,0,0,6,2,0,1,2,2,0,0,0,0,0,0,0,0,0,0,0,0,0,0,0,0,0,0,0,0,0,0,0,0,0,0,4,2,0,0,1,1,0,0,0,0,0,0,0,1,0,0,2,0,0,1,1,0,0,0,0,0,0,0,0,0,0,0,0,0,0,0,0,0,0,0,0,0,0,additive
286,GCCCCACGAGTCCCAGAGTGATCACATGCGGTACAT,7,25,18,3,3,4,2,0,2,0,1,2,0,0,1,2,0,2,0,0,1,1,0,0,0,0,0,1,0,0,1,0,0,0,0,0,0,1,0,0,1,0,1,0,0,0,0,0,0,0,0,0,1,0,0,0,1,1,0,0,0,0,0,1,0,1,0,0,0,0,0,0,0,0,0,1,0,0,0,1,0,0,0,0,0,0,0,additive
287,CAGGGCCCTCGTGTGCTTCCAGCACGTGAATCTGGG,10,25,15,1,2,4,2,0,1,0,0,0,0,2,0,2,0,1,1,0,0,1,1,0,0,0,0,0,0,1,0,0,0,0,0,0,0,0,0,0,0,0,0,0,0,0,0,1,0,0,1,0,0,0,0,0,1,1,0,0,0,0,0,1,0,0,0,0,0,0,1,0,0,0,0,0,0,0,0,0,0,1,0,0,0,1,0,additive
288,AGCGCGCATGTGCACCTCAGCCGGCCCACGAGGCCA,9,29,20,2,3,8,1,0,1,1,0,0,1,2,0,2,1,4,1,0,0,1,0,0,0,0,0,0,0,1,0,0,0,1,0,0,0,0,0,0,0,0,0,0,0,1,0,0,0,2,0,0,0,0,0,0,1,1,0,0,1,0,0,1,1,1,1,0,0,1,0,0,0,0,0,0,0,0,0,1,0,0,0,0,0,0,0,additive
289,CGAGCTGCACGCACACTCTCAACACGCGCCACCTCG,10,25,15,3,0,4,2,1,0,2,0,0,0,0,0,2,0,0,2,0,0,2,0,0,0,1,0,0,0,0,0,1,0,0,1,0,0,0,0,0,0,0,0,0,0,0,0,0,0,0,0,0,0,0,0,1,0,1,0,0,0,0,0,0,0,0,0,0,0,2,0,0,0,0,0,0,0,0,0,1,0,0,1,0,0,0,0,additive
290,TTCTCAGCCCACGTGTTCTCCCCCACGTGGGGTAGC,12,26,14,0,0,6,2,0,0,0,0,0,0,0,0,1,0,4,1,0,0,2,0,0,0,0,0,0,0,0,0,0,0,0,0,0,0,0,0,0,0,0,0,0,0,0,0,0,0,0,0,0,0,0,0,0,0,1,0,0,0,0,0,1,0,3,0,0,0,1,0,0,0,0,0,0,0,0,0,0,0,1,1,0,0,0,0,additive
291,TGCTGCCCCCTCGTGGCCGCACGTGTTACCGCAGGC,12,22,10,0,1,3,0,0,0,0,0,0,0,1,0,1,1,1,0,0,0,0,0,0,0,0,0,0,0,0,0,0,0,0,0,0,0,0,0,0,0,0,0,0,0,0,0,1,0,0,0,0,0,0,0,0,0,1,0,0,0,1,0,0,1,0,0,0,0,0,0,0,0,0,0,0,0,0,0,0,0,0,0,0,0,0,0,additive
292,TTCTTTCCCCACGTGGGTCCACGTGAGGCTCTGCCC,12,22,10,0,1,2,1,0,0,0,0,0,0,0,1,1,0,1,0,0,0,1,0,0,0,0,0,0,0,0,0,0,0,0,0,0,0,0,0,0,0,0,0,0,0,0,0,0,0,0,0,0,0,1,0,0,0,1,0,0,0,0,0,1,0,0,0,0,0,0,0,0,0,0,0,0,0,0,0,0,0,1,0,0,0,0,0,additive
293,TTTCGCGGCGTGGGCGGGGCCAGCACGCAGGTTGCA,9,24,15,1,5,3,0,0,1,0,0,0,3,2,0,1,1,1,0,0,0,0,0,0,0,0,0,0,0,1,0,0,0,0,0,0,0,0,0,0,0,0,0,0,2,1,0,0,1,1,0,0,0,0,0,0,1,0,0,0,1,0,0,1,0,0,0,0,0,0,0,0,0,0,0,0,0,0,0,0,0,0,0,0,0,0,0,additive
294,TGGTGGCCACGTGGGTGGTGACACGTGCCTGCTTGC,10,24,14,1,4,1,2,0,0,1,0,1,1,0,2,1,0,0,0,0,2,0,0,0,0,0,0,0,0,0,0,1,0,0,0,0,0,0,0,0,0,1,0,0,0,0,1,0,0,0,0,0,2,0,0,0,0,1,0,0,0,0,0,0,0,0,0,0,0,0,0,0,0,0,0,1,1,0,0,0,0,0,0,0,0,0,0,additive
295,CCGCCAACACGTGCGCGGACGCACGCACGCACTCCT,10,22,12,1,3,2,0,0,0,1,0,1,1,1,0,0,2,0,0,0,0,0,0,0,0,0,0,0,0,0,0,0,1,0,0,0,0,0,0,0,0,1,0,1,0,0,0,0,1,0,0,0,0,0,0,0,0,0,0,0,1,1,0,0,0,0,0,0,0,0,0,0,0,0,0,0,0,0,0,0,0,0,0,0,0,0,0,additive
296,TGTGCATGTGTGCGCGCCTGTGCTCATGCACGCCCC,7,25,18,0,5,5,2,0,0,0,0,0,0,4,1,0,2,1,2,0,2,0,0,0,0,0,0,0,0,0,0,0,0,0,0,0,0,0,0,0,0,0,0,0,0,0,0,0,2,1,1,0,1,0,0,0,0,0,0,0,0,2,0,0,0,0,1,0,1,1,0,0,0,0,0,0,0,1,1,0,0,0,0,0,0,0,0,additive
297,CAGGACGCGTGTGCCGGCCACAAGCGCGTGCACAGG,10,27,17,3,3,5,0,1,1,1,0,0,1,2,0,2,2,1,0,0,0,0,0,0,1,0,0,0,0,1,0,1,0,0,0,0,0,0,0,0,0,0,0,0,0,1,0,0,1,1,0,0,0,0,0,1,0,1,0,0,1,1,0,1,0,0,0,0,0,0,0,0,0,0,0,0,0,0,0,0,0,0,0,0,0,0,0,additive
298,CTTCGCGCATGTGACAGGCCCCAACGTGCACGATCT,10,25,15,2,2,5,0,1,1,0,0,0,1,1,0,2,0,3,0,0,0,0,0,0,0,1,0,0,1,0,0,0,0,0,0,0,0,0,0,0,0,0,0,0,0,1,0,0,0,1,0,0,0,0,0,1,1,0,0,0,0,0,0,1,0,2,0,0,0,0,0,0,0,0,0,0,0,0,0,0,0,0,0,0,0,0,0,additive
299,CACGTGATCACGTGCGTGGTCACATGGACCGGCCCA,11,23,12,0,3,1,2,0,0,0,0,0,1,0,2,1,0,0,0,0,1,1,0,0,0,0,0,0,0,0,0,0,0,0,0,0,0,0,0,0,0,0,0,0,0,0,1,0,0,0,0,0,1,1,0,0,0,1,0,0,0,0,0,0,0,0,0,0,0,0,0,0,0,0,0,0,1,0,0,1,0,0,0,0,0,0,0,additive
300,CTCACCGCACATGCGCGGAGCCGCGTGCGCAGCTGC,10,24,14,1,4,3,0,0,1,0,0,1,1,2,0,0,2,1,0,0,0,0,0,0,0,0,0,0,0,1,0,0,0,0,0,0,0,0,0,0,1,0,0,1,0,0,0,0,1,1,0,0,0,0,0,0,0,0,0,0,1,1,0,0,1,0,0,0,0,0,0,0,0,0,0,0,0,0,0,0,0,0,0,0,0,0,0,additive
301,ATAACTCCATGTGCTCATCGCCATGTGGTTTCTGCT,10,24,14,1,1,4,2,0,0,0,1,0,0,1,0,2,1,1,0,0,0,2,0,0,0,0,0,0,0,0,0,0,0,0,0,0,0,1,0,0,0,0,0,0,0,0,0,0,0,1,0,0,0,0,0,0,0,0,2,0,0,1,0,1,0,0,0,0,0,0,0,0,0,0,0,0,0,0,0,1,1,0,0,0,0,0,0,additive
302,CAAACCCTCATGTGCTCCTACCATGTGCTAGGCAGT,11,24,13,1,0,4,2,0,0,1,0,0,0,0,0,1,0,2,1,1,0,1,0,0,0,0,0,0,0,0,0,0,0,1,0,0,0,0,0,0,0,0,0,0,0,0,0,0,0,0,0,0,0,0,0,0,0,0,1,0,0,0,0,1,0,0,1,1,0,0,0,0,0,1,0,0,0,0,0,0,0,1,0,0,0,0,0,additive
303,CACTGAGCATGCGCCCCCATACGCGTGTGCCGCGCG,10,26,16,2,1,6,1,0,0,1,1,0,0,1,0,1,2,3,0,1,0,0,0,0,0,0,0,0,0,0,0,0,1,0,0,1,0,0,0,0,0,0,0,0,0,0,0,0,1,0,0,0,0,0,0,0,0,0,1,0,0,1,1,1,0,2,0,0,0,0,0,0,0,1,0,0,0,0,0,0,0,0,0,0,0,0,0,additive
304,CGAGCCGCGTGAAACGCAAGGCCCTCGTGTGTGCGC,8,26,18,4,3,5,0,2,1,1,0,0,1,2,0,1,1,2,1,0,0,0,0,0,1,1,0,0,1,0,0,0,1,0,0,0,0,0,0,0,0,0,0,0,0,1,0,1,0,1,0,0,0,0,0,1,0,0,0,0,0,1,0,0,0,1,1,0,0,1,0,0,0,0,0,0,0,0,0,0,0,0,0,0,0,0,0,additive
305,CCGCGAGCCCACGAGGCCCCGCGTGGTGTCACTGGG,12,22,10,0,0,4,0,0,0,0,0,0,0,0,0,0,1,3,0,0,0,0,0,0,0,0,0,0,0,0,0,0,0,0,0,0,0,0,0,0,0,0,0,0,0,0,0,0,0,0,0,0,0,0,0,0,0,0,0,0,0,1,0,0,1,2,0,0,0,0,0,0,0,0,0,0,0,0,0,0,0,0,0,0,0,0,0,additive
306,CATTTGCATGCGTTTGTGCATGCATGTGTGTGTCTG,9,25,16,1,3,2,4,0,0,0,1,0,0,2,1,2,0,0,0,0,3,0,1,0,0,0,0,0,0,0,0,0,0,0,0,0,1,0,0,0,0,0,0,0,0,0,0,2,0,0,0,0,1,0,0,0,0,0,2,0,0,0,0,0,0,0,0,0,0,0,0,0,0,0,0,0,0,2,1,0,0,0,0,0,1,0,0,additive
307,TTACACATCACATGGGGAGCAGCATGCTCCCACTGT,11,25,14,2,4,2,0,0,2,0,0,1,1,2,0,2,0,0,0,0,0,0,0,0,0,0,0,0,0,2,0,0,0,0,0,0,0,0,0,0,1,0,0,1,0,0,0,2,0,0,0,0,0,0,0,0,1,0,1,0,0,0,0,0,0,0,0,0,0,0,0,0,0,0,0,0,0,0,0,0,0,0,0,0,0,0,0,additive
308,CTGGGCCGGGGCGTGGCCACACGTGTGCTGGCTCTG,12,22,10,1,0,3,0,0,0,1,0,0,0,0,0,2,0,1,0,0,0,0,0,0,0,0,0,0,0,0,0,1,0,0,0,0,0,0,0,0,0,0,0,0,0,0,0,0,0,0,0,0,0,0,0,0,0,2,0,0,0,0,0,1,0,0,0,0,0,0,0,0,0,0,0,0,0,0,0,0,0,0,0,0,0,0,0,additive
309,ATCTGTAGCATGTGGCGAGCCCCCATGTGAGTGTGT,11,26,15,1,2,6,0,0,1,0,0,1,0,1,0,1,1,4,0,0,0,0,0,0,0,0,0,0,0,1,0,0,0,0,0,0,0,0,0,0,1,0,0,0,0,0,0,0,0,1,0,0,0,0,0,0,0,0,1,1,0,0,0,1,0,3,0,0,0,0,0,0,0,0,0,0,0,0,0,0,0,0,0,0,0,0,0,additive
310,TGCCTGACCATGTGTCAGGCCACGTGTCTGGTATTG,11,23,12,1,2,3,0,0,1,0,0,0,1,1,0,2,0,1,0,0,0,0,0,0,0,0,0,0,1,0,0,0,0,0,0,0,0,0,0,0,0,0,0,0,0,1,0,0,0,1,0,0,0,0,0,0,1,1,0,0,0,0,0,1,0,0,0,0,0,0,0,0,0,0,0,0,0,0,0,0,0,0,0,0,0,0,0,additive
311,CCTGACCACGTGGCTACTTTTCCCCCACATGCGGCG,9,28,19,1,0,7,5,0,0,1,0,0,0,0,0,1,0,4,2,1,0,1,3,0,0,0,0,0,0,0,0,0,0,0,1,0,0,0,0,0,0,0,0,0,0,0,0,0,0,0,0,0,0,0,0,0,0,1,0,0,0,0,0,1,0,3,0,1,0,0,1,0,0,1,0,0,0,0,0,0,0,1,0,0,0,1,2,additive
