sequence,distance,label
GGTATACATGTGTCCACAAACACACATGCACACACA,16,cooperative
CCAAGCCCGCGTGCAGCCCACCTCGTGGGGTGTCTC,14,cooperative
AGCACGCACGCGCGGAGGTTCGCACGCGGAGAAGGG,16,cooperative
CCCCACTTGCCACATGTAAACCACATGCTTCTGCCA,11,cooperative
ACGCCCACATGCCCCTCCCCGTCCACGTGGACACGG,18,cooperative
CCCCGGACAACGTGCGCCGTCACGTGACGGCAGAGC,12,cooperative
CGAGTAGCATGTGCGGGAGACTCACGTTGCCGGCGA,15,cooperative
AGAACAGCATGTGCTAAGGACCATGCTTGCAGAGCC,14,cooperative
CAGCACCCGCGTGTTCCCCCATCACGTGCTCAGAGG,15,cooperative
GGCGCCTCCACGCGGAACCCCACGCGGCGCTCAGCA,12,cooperative
GGTACAGCGCGTGTGGGGCGCCCCCACGTGGTCAAG,17,cooperative
GGGGAGACGTGCACGCGCGCGCGCGTGCGTGCAAGC,10,cooperative
CCCCCTCCCCATGCGCGGCGCCCATGCGGACTGAGC,13,cooperative
GTTGAGCACGTGTAAACCAGGCCACGTGCTTACAGA,16,cooperative
GCTGAGCCACGTTGAGTAAATGCATGTGCACGGTCA,15,cooperative
ACGATGCGCCGCATGGACACCACGTTGTCGGGCACG,11,cooperative
CTTAGAGAACACGCGATGACCACGTGGAGCCTCCGG,13,cooperative
CCGCCCATGCCACGCCCCGCCACGCGTGCGCTTAGG,12,cooperative
GAGCCATCAGCATGGTGACCCATGTGGACAAGCTTA,12,cooperative
CCCCTCAGCGCATGGGTGGCGGTCACGTGCCCAGAA,15,cooperative
CCTCTGCACGTGGCCTCCTTCCCGCGTGCACGCCAC,16,cooperative
CGCCCCCTCGTGGTGGAGGCGGGCACGTGCCGGGCA,17,cooperative
ATGAACCTGCATGTGTGTGTCATGTGGGAAGGGAAC,11,cooperative
GATTCCTGCACGTGTTCGCCCACATGATGATGAAGC,12,cooperative
GTGAACACATGGTTATCAAGAGGCACATGCTCTTAC,18,cooperative
GGGGCCGCACGTGCTGCGCCTGCGCGTGGAGCGGAC,15,cooperative
AGTCAGTGACACGTTTTCACCCACATGTCAGTACAG,12,cooperative
ATTGTCTAACACGTGTGACCGCATGGATGGTGTCCT,10,cooperative
CCCTGCATGTGGGAAACACAGGTCCACGTGCAAGAC,19,cooperative
CCCGAAACCGCGTGTGCGCGCACGTGTCCCCGCGAT,10,cooperative
GCTGGGCCTCGTGGGCGCGTTCCGCGTGGGTTCTGG,15,cooperative
CCCTCCGCACATGGTGCGAGCCATGCGCGGGGCGTG,14,cooperative
GGCCACCCCCACATGTCCCCATGTGTGTAAAACATA,10,cooperative
CCTAAAGCATGGCAGGAAAGCAAACATGTGGCTTTT,19,cooperative
AGGCTTTCACGTGTGTCATCTCACGTGATCTTCTGG,14,cooperative
TGGCCGCACATGTACGGGTATGCATGTGCTTCCATA,16,cooperative
CCCCGCCCCGGCACGTGCGCGCGCGTGGTCTGCCAG,10,cooperative
GCGTGTTGCATGCTGCCTCGCACGTGAAGGCAGGGC,12,cooperative
GTGTGCGCGCGTGCGAGTGTGCGCGTGTGCAGTCCC,16,cooperative
TGAGCAACCACGCTGTCCATGTCCCACGAGGCCTAC,16,cooperative
CAGAGACCGCGTGTGGTCATGACACGTGCCTTCCCA,13,cooperative
CAAACAGCCACATGGAATGGCCATGTGTAGGTGTTC,13,cooperative
CCTGCTCCACGTGTGCCTCTCGCACGTGGCTCCCCA,15,cooperative
CCCCTGCGCATGTGGGCTGCCTGACATGTGCCACTC,16,cooperative
TGCGCGCGCATGTGAGTGCGCACGTGAGTGAGTGTG,18,cooperative
CCCGCGCGTGCGCGCCCCCGCCGCCGCGTGTGAGTG,20,cooperative
GGTCTCACCTCGTGGCCTAAACACGCGTCAGAGTGG,13,cooperative
GACTGTCACGTGGCGCCGGAGTTCACGTGACTCGTA,17,cooperative
AGTTCCTCATGTGGTTATAATCCATGTGTAGTAGTT,15,cooperative
ACGCACCACGTGGATGCTTTGCCACGTGCTCAGTTA,16,cooperative
CAGGACAGCGTGCACGGGGCAGGCGCGTGGTGTGTC,17,cooperative
GACCCAGTCACATGGGGAACCATGTGGAGGCCGAGA,12,cooperative
AAAAGGAGGCACATGCCTGCCACATGAGGAAAACCC,11,cooperative
GCTATCACATGGAAAAACTGTGCATGCGTGCGCACT,17,cooperative
GTCTGCACGTGTGCACACACATGCACGTGCACCTGT,18,cooperative
CCTAAACGCGTGTGGCCCAGGGCCATGTGGATGCCA,15,cooperative
TCTAATCCACGTGGGGAATAACATGCGGGCCTGCAG,14,cooperative
AGGCATTTCATGTGCATATGCACATGCACACAATAT,12,cooperative
CTCGGGCATGCGTTTTGGTTTACACGCGGCCAGGTT,16,cooperative
CCTGGGAGCCACGTGCTGGCCATGTGGCCAGGGACG,11,cooperative
CCCATGCAGCATGTGGTCCCACATGCAGGGTGAAGA,10,cooperative
GAAGCCATGTGTCCCCAGCAGGACATGTGGGAGGAG,18,cooperative
CTGGGGCATGTGCCTCTCCTGCACATGTGTGTCTGC,15,cooperative
TCTGGAAGCCATGTGGAGGCCACATGGAATGCAAGT,11,cooperative
CCGCGGGCCCATGTGAGCGCCATGCGGCGCCGCGCA,11,cooperative
GGCAGGCCGCGTGGCCGGGTCCCATGTGCTCCACCT,15,cooperative
TGAACGCGCACGTGGAGGCTCACGTGGAGGAGGAGG,12,cooperative
CCCCCCACGTTATCACTGGCCCCCATGAGGGAGACA,18,cooperative
GTCAAATGACATGTGGCTAAAGCATGGAAGGATATC,11,cooperative
GACTGAGCCCCACGAGGCAAGCACGTGTCTGTTCCT,11,cooperative
TGCCAGCATGTGGATTGCAGTCCCATGTGCCTGGAT,17,cooperative
AACCTCAACATGTGCTTTGACCATGTGCCTCCCAGG,13,cooperative
GGAGGCCACGCGCGGCGATTTGCCACGCGCCGCGTC,17,cooperative
GTGAATACATGTGGGAGGCTCACATGTGACACCAAG,13,cooperative
TTGCACGCACGCGTACCCCCCCGCACGCATGCGCAC,20,cooperative
TGCAGGGTCACATGGGGAAGCCACATGGGATGATCA,13,cooperative
GGTCGCCATCACGTGACTCCCATGCGCCCTGGCCCT,11,cooperative
CGCTGCCGCGTGGCCCTCCTCGCGCGTGCACGGCAG,16,cooperative
CTTCCCCGTCACGTGAGCCCCACGCGGGGCCAATGG,11,cooperative
CCCCGAAGCACGCGCGCACCCACGCGGCCGCGGCTT,12,cooperative
CCTGCCACACGTTTCTTCCCCCATGTGGTCCTCATC,14,cooperative
CTGCTCCATGTGTCCCCTCGGCCACGTGGCCCCAGC,16,cooperative
GCGACTGCGCATGCGGGAGCATGTGATGAAGAATGT,12,cooperative
TTTCGATACGCATGTTGAACCCGCGTGTAACCCCAC,11,cooperative
TCTCTGCCACGTTTTGACCCAGCATGTGGCCCTCAT,15,cooperative
CCGGCCGTCACGTGGGAGGTCACGTGGGTGGTTTGT,12,cooperative
TTACAACACGCATGCGCCAAGCCCACGCGGTTCCGG,13,cooperative
ACCCAAGCCCTCGTGCTCCCACGCGGGTTTCACCGA,10,cooperative
AACATATACCACGCTGTTGTCATGTGGTCAGCTATG,11,cooperative
CACATTTCACGTGCTCAGCAGCCACGTGGTTACTGT,15,cooperative
CAGCAGGGCATGTGTTTATACCATGTGGCTAAATGC,13,cooperative
GGGCGTCTGCGCATGCGCACTCCCACGCGGACGATG,14,cooperative
GCCCCAACCCACGCGGAGGCCACGTGCACAGCTCCA,11,cooperative
CGACTGGCCACGCCCCCTGCCCACGTGCCACCCAGG,13,cooperative
ATGTGGACAGCGTGCTGGGGCACGTGACTGGAGGAA,12,cooperative
GGTGCACCCGCGTGGCGGTGCATGCGGTCGGGGTGC,12,cooperative
GGAATGCGCATGCGCAAAAGCCACGCGGGCGAACAC,15,cooperative
TGCGTCACGTGAGGAGGTGGTGTCACGTGACCTGTC,18,cooperative
AGATGCACATGGAAATATGAGAGCACGTGGAAGGGA,18,cooperative
AGGAATACGCACATGTGTACGTGTGTAGGCATGTGC,20,cooperative
GTTGGGAGCGCATGCGACCCCATGTGACTCGGGTCA,12,cooperative
GCCGGCTCTCACGTGGAGGTCACGTGACGGATGCTG,11,cooperative
ACAACTGACACATGTTCCTGCCACGTGGTGCTAAGA,13,cooperative
ATCTCCATGCGTTCTGATCAAGGCATGTGATGGTGG,18,cooperative
TGGCGGGCGCGTGGTGGGAACCGCGTGGAACCGAAG,14,cooperative
TGTCCTTGCACGCGCTGGCGCACATGCACTCACACT,12,cooperative
CCCCGTCACGCGCCGCCAGCGGCCATGTGCCAGGCC,17,cooperative
GTCTCTTGGCGCGTGGGGACCGCGTGGAAGTGCCTT,11,cooperative
AAACTCTGACCATGCTTCACGCACATGTGGTGGAAA,11,cooperative
TGGTGCCACGCCCCCACCCCGCCCACCACGTGACCC,20,cooperative
CCTCATATTAACGTGTTTGGCACATGTTGCCTAAAA,11,cooperative
TGCCTTTGGCGCGTGCGCACCACGTGACCCAGGAGT,11,cooperative
TACAAAGGCATGCGGCAAGACCACATGATGTTTATT,13,cooperative
GGTCAGACACGAGGTCGCGGAGCGCGTGGCACACCC,15,additive
GCCCTCACGTGCTCACTCACACGCACGCACGCAGGC,12,additive
GCCCCATGTGGCCGAGCCAGGGACCACATGCGTCCC,20,additive
CGCTCCACGTGCGCCGTGTTTACCCACGTGATGCGC,19,additive
ATGGGCCACACGCTGTCCCAGCACATGGTGGCAGGG,15,additive
ACGCCCACGCGGCATACAGGCGCGCACGTGCACACG,19,additive
TGTCTTCTCCACGTGTCTTCACATGGCCTGCCCTCT,10,additive
CGGCCACGTGACGCGCGACGGGGCCACGTGATGAGC,20,additive
GTTGCCATGTGCGAATGGCGCCCCCTCGTGTTGTGG,19,additive
GCCAAAGACATGTGCGACCGCATGTGGCTGCTGCAT,12,additive
GAGTCCACGTGCACCCCACCCAGCACATGCTCCTGC,18,additive
CGCGTCGCACGTGATGGAACCCGCATGGACCCGCGA,14,additive
CGAGGCCCACGCGAGGCCGCCCACGAGGAGTTTCCG,14,additive
AGTCCATGTGGCTTGAGTCGCAGCCATGTGACTCAG,20,additive
CGGGACACGAGGCGATCAAGGGAGCACGCGCGCCAC,19,additive
AGGTCCACATGTTGCATCTGGACCACGTGTTTAAGC,18,additive
ACACACCCTCACATGCCCCCATGTGGCCTCTTACTA,10,additive
CGCGCCACGCGCTCGGGACGGTGCCACGCGGCGGTG,19,additive
TGGGAGCCTCGTGGCCCCAAGCCACATGGCTGGCAG,15,additive
GCACCATCCCACGTTTTCTCACATGTAACTGGCTGG,10,additive
CCCTGGGGCCACGCGCCGCCACGTGCCGCCACAGGG,10,additive
CTCCACACACGTGCACGGCATGCATGCGCGCGCGCA,15,additive
CGCACCTCGTGCAGTGCCCACAACACGCGGCAGTCC,18,additive
TGAAGCGCATGTGTGTGCCCGCACACGCACATACAC,14,additive
AAAGCCATGTGTAACACACATACCATGCTGATCAGG,18,additive
CCAGCCACGTGTTCCCAGGTGCCCACGCGGGCCAAG,18,additive
TCTGGGTGTCACGTGGAGTCACATGGGGTCAATGTG,10,additive
CGTGGGCCGCGTGGGCCCAGCCTCGTGGGCTGAGTT,14,additive
CCCACACACATGCTCACGCCCACACATGCACACTCA,16,additive
CCCCGCGCACGTGCACAGCACCGCGTGCATCAGCCC,14,additive
CCTGCCACGAGGCCGCAGTATAACCGCGTGGCCCGC,19,additive
CCTCAGCCATGTGGGTGGGCATCACGTGATCTGCTG,15,additive
CGCCCATGCTGGAAACTCTACACCCATGTGTAACCG,20,additive
GGAAATGCGCGTGGAGACTGGGCGCGTGCAATGGTG,15,additive
ATGTGCACACATGCACACACGCACATGCCGCAGCTC,14,additive
TGCGTGCGTGCGTGCGTCCGTCCTCGTGCTCGCGCA,20,additive
CTCCCCCCGCGCGTGGCACCCACGTGGGGCTTTCTC,11,additive
CTTCCACGTGGTTTTCAGGCTAACCATGTGGTTTTT,20,additive
CTTCCCCCATGTGGTCCTCATCACATGTACATTGTC,14,additive
AAGGCACGTGCATTCTGGTCATCCCACGCGGGGAGC,20,additive
CTGGCGGCCGCATGGAGGCCCACATGCCTTACGCTC,12,additive
CGGGTCACGTGCCCAAAACACGCTCACGTGATGCGC,19,additive
ACAGCGCGCGTGCTGTCTTTCCCATGTGGTGGGGTT,16,additive
CAGTCACATGGTGTCAGCCGTGCCCACGTGACCAAG,20,additive
GCCGCGCAGCATGGAGCGGTGCCACGTGTTGGCCAG,15,additive
CCTCCCCACGTGGGACCCTCCCCACGTGGGACCCTC,16,additive
GCGGCGACCACGTGTTTGCCGCATGTGGTATCTGGG,13,additive
AGAAGGGTGCACGCTGAGCCCCCACGTGGGTAGCGG,13,additive
GCGGGCCATGTGACCCGGTTGGTCACGTGGCTGAGC,17,additive
TGCTGCCCCCGCGTGCAGCGCCCGCGTGCACCGGGC,13,additive
TGTGCATGCATGTGTGTGTACATGTGTGCGTGTGTG,12,additive
TACGCACATGTGTACGTGTGTAGGCATGTGCTGTGG,20,additive
CAATGCGCATGCGCTCTCCGCCACGCGCGCCCAGAC,16,additive
ATACACACACATGTGCATCCATGTGCACACACATAC,10,additive
CTACATCACGTGACGGCCAGTACGCGTGGGATTTGG,16,additive
GTATCCAGCACGCGTCGCAGCAGCGTGCGCGGCGTG,13,additive
CCCACAAACACATGCACTGACCACGTGGTCATCCCC,13,additive
TTTGCCCACGTTACGTCATAGACATGCGCGCGACGC,16,additive
AGCTCCTCGTGGCGGCCGACGCGCATGCGCAGCGCC,16,additive
CAAATCACATGGCCCACCCTGGCCACATGGGAGGAT,18,additive
TGTGCAGTGCACGTGAGAGCACGTGGCGGCTTCTGG,10,additive
TTTCTCTCCCATGCGGTAGCATGTGTGACAGCAGGA,10,additive
TGAGCGGGCGCGTGCGGCGGCCACGTGGGCGAGGAG,13,additive
CAACCACATGCACACCTGGACTCGCACACGCCCACG,20,additive
AGCCCCCACGTGGCCAGTCCCCCACATGGCCAGCCC,16,additive
TGCCCCCACGTGGCCACCGCTCCACATGGCCCCCTT,16,additive
TGGCGCCCGCGTGGCCACTGCGCATGCGGACCCGGC,13,additive
CCACCTCGTGGCCAAGAGGGAGACCGCGTGCCTTTC,20,additive
AGCGCGCATGCGCCTATGCTCCCACGCGCTCTCAAT,18,additive
CCGGTGCAACGTGCAGCAGGGCAACGTGCGCGAGAC,15,additive
GCGAGTTCCATGTGCGGCAGACACGCGCTCACACTT,13,additive
ATTCAGGCCATGCGGGCAGCCACGTGCAAAGGCCCT,12,additive
CTCAGAGCCACGCCCCCTTATGGTCACGTGAGGCGC,16,additive
GGCATCACGTGCGCAGAGCGGGTCACGTGGGCGCGG,18,additive
GAAGGGTCATGTGGAGAAGGCCACGAGGCCCAGCCC,14,additive
CGCCGGGTCACGTGGCGCGGTCACGTGGCGCGCAGC,13,additive
CGGGGCCGTCACGTGGGGCAGCGTGGGCCGCTGCCT,10,additive
CCCGGCCACGTGGGCCTCCGAACCACGAGTCATGCG,17,additive
CTGTCCACATGTCCCACACGGTGCACGAGGATGTCA,18,additive
GGCAGCTCGCGTGTGTGGGCGCACGTGCGTGCAAGT,12,additive
ACACATTTCATGTGGAAATGCCATGTGCGGTCATCT,13,additive
AGTCAGCGTGGTCTTCCCGTGGTCCACATGGCCGAT,20,additive
CCGGAACACGTGCACGCGCGGTCACGTGGCCCGGCC,16,additive
ATGTGTGTGCACACGTGCAGACATGTGTCCCCCGGC,10,additive
AGTCGTCTGCACATGCGGTTCTGCATGTGGCCCCCA,14,additive
CCCCGGACACGCGGTGAGCGGACATGTGCCGGCCGC,15,additive
GTCTGCCGCGTGGACCAGTGAGCACGTGCTCCCGGG,16,additive
CTGTCTGTAACGTGGAGGTGTCACGTGCCAAGGGCT,13,additive
TCTTGCACGTGTCTTTTGGTGAACATGTGTGTACAT,18,additive
TCCAGAACACGTGATGGGAAGCATGTGGGTATGTAT,14,additive
AAGCCATCACATGGCTCTGCGCCACGTGCTCAGTAG,15,additive
CCCCCACGTGCCCCGCATATTTTCCACGCGGCTGCG,20,additive
CGGACACCAACGTGCTGACGCATGTTCATTAGCGAG,12,additive
CTTTAGTGACACGTGACACCATGTGCTGCTGACGCC,10,additive
TCTAGACCACATGGCAGCAGGCATGTGTGTCTGCGT,14,additive
TGTGCACACGTGTGTGTGCATGCACGCGTCTGCACC,16,additive
AATCCATGCATGCTGGTGGGACAGCATGGGTAGCCG,14,additive
AAACAGCATGTTGCTCCCCACTGCCTCGTGTTGTCT,18,additive
TGCCCACGTGCCTGCAACAGTGGCCACGTGGGGCCC,20,additive
GGTAGGACCGCGTGATCGCGCACGTGACCGCCCGCC,12,additive
GAGAAACCATGTGTAAAAGGGGCACGTGGCCCTGCC,15,additive
CTCCCCCAACCACGTGGCAACCACGTGCTCCCAGCG,11,additive
ACAACACGGCATGGAGCAGCTCCACATGGACACCCC,15,additive
CCCCAACACGTGCTTATGTAACCACGTGGAAAGCGG,16,additive
ATTACAACACGCATGCGCCAAGCCCACGCGGTTCCG,13,additive
AATCCCACCATGTGGGAGGCCAACGTGGGAGGATCA,13,additive
TGCAATCCATGTGCTGCGGAACCATGCTGTGGGACC,15,additive
GCCCACCACGCGCTCCGGGTAGCACGTGTCCAGCCC,16,additive
AGCTGCATGTGTTGCAATCCGCTCACATGGGGCCTG,18,additive
CATCCATGTGAGAGTGTTTTTGTGCATGTGTGGGCT,20,additive
GGCACGCGTGCGGGCGTCACCGTGCGCGTGCGACCC,20,additive
ACGCAGCGTGGGACCATGACGCGCCACATGCGCAGC,20,additive
GCATGCAGCCACATGGCCCCACATGGTGCAGTTCTG,10,additive
CGGTGCGCGTGCGCGGTAGGAGACACGAGGGTAGTA,18,additive
CACCCTGTCACGTGGTTAAGCACGTGAGTTCTGCAG,12,additive
CAGCACAAGCATGCGTGCGCGCGTGCGCGCGCACAC,10,additive
GCCGCGGCCCACGCGGCGGGAGCACGCGGAGGCCTT,13,additive
AGAAGTCACGTGGCAGCCGGAAAGCGTGGCGGCTGC,16,additive
GATACCATGTGGAGAGAGAGAAGCCACGTGGAAGAC,19,additive
CGGAAATCGCGTGACTCGCCCCCCTCACGTGGGCCG,20,additive
ACCTACCATGTGAGCTGGGCACCCACGTGGGTCTCA,17,additive
ACCTCGCATGTGGCCCACAGGCCACGTTCCACTACC,16,additive
CGTGGTCACGTGACCGTCACTTCACGTGACCGCGCG,16,additive
AGCGGCCACGTTGATCTGCGATACGCGTGTTTGCCC,17,additive
CGCAGTCACGTGACCAAACGTCCACGTGACCGGTAC,16,additive
ATCACCACGTGTCAAGGGAGAGACCACGCGGAGGCA,19,additive
CAGCAGACACGCGCTTCAGGCCCACATGGCGCAGGA,15,additive
CCAGAGCACATGGTTAAGTCTGCCGCGTGGACCAGT,17,additive
CCCGAATCCCATGTGACCCCATGCTGTGCACAGTCA,10,additive
CCCTTGTCCACGTGTCCATCACATGCACATTTCTGC,17,additive
GAGCAGCATGTGTGGGTGCTCAGCATGTGTGAGCTG,17,additive
GCGCGGGCCATGCGTGCGCACACGCGCGCCCGCCCG,10,additive
GTGCGCGCACGCGCGCCCCTGCCGCGTGCAGCCGCC,15,additive
GTGTTCGCGCGTGCGTGCTTGCACATGCGCGCCACC,14,additive
CACGCGCCACGCTCCCAGCGCCATGTGCGGCCGATC,14,additive
CGACGCGCACACGCGGTCGCACGCGGCCCCCCGAGC,12,additive
GCGGCAGCCCCACGCGGCGGCCACATGCAGCGGCGT,11,additive
CGCGCACCCCGCGTGCCTCCACGTTCCACACGTAAC,10,additive
CTCCACTCACGTGCCCGTAGCCAGCATGGCCGGCCC,15,additive
CAGTCGTCCACGCTGCGCAACCACGTGCGCCTGCAC,13,additive
GGAACACACATGCTCACACACATGCATGCACGCTGG,12,additive
CTGCACACGTGACCGCACTGTAGCACGTGATGGCGC,18,additive
ACAGCCACGTGGGTGTTAGAAGCCACATGGCCCATC,18,additive
ACGGCCATGTGGCCTTGGACCGTCCACGTGGCCTTG,19,additive
GGGCGCCACGTGGCCCCGCCCCCGCCGCGTGCGCAT,19,additive
TCACCACATGCCACAGATCAAGACCACGTGCTCCTG,20,additive
CCACACACGTGCTCAAGCTCACAACACATGGATAGT,19,additive
CGAGCGCACGCGCATACGTTGACCGCATGCGACCCC,17,additive
GGGACCCATGCGGGACGGTAGACAGCGTGGGCAGGG,17,additive
TCCGGACCACGTGACCCCGCCCACGTGACGTCCCCT,14,additive
TCTTGGCATGTGGAGTCTAGCACCACATGAGAAGGG,17,additive
TGACGTCATGTGGCCCGTGTCGCCACGTGCTTCCAG,17,additive
CATTTCCGCCACGTGACCCGCGCATGCGCCTGCTTG,11,additive
GGGGCGGCCATGCTGCCAGGCACATGTAGGGGCAAG,12,additive
CCATTAGGCCACGCGGCCGCACGCGGGTGCTAATTT,10,additive
TTGCCACGTGACCCGCTCCGCATACACGTGACCAGC,20,additive
GCCGGGCCATGTGCTCAGCGCCCGCGTGGAGGTGGG,15,additive
TAGCCATGTGGCTAATTGTTTTTCCACGTGCTGCCT,20,additive
GGTGAGTCCACGTGATTAGTCACATGGTTGATGACA,12,additive
GGGTGGACCACGCGAGTCAGCACGCGGCTGTCTATT,12,additive
AGGGACACGAGGGCGCCGGGCCTGCACGTGGGACCC,19,additive
CCGGGTCACGTGGGTCCAGGGTCACGTGCCGCTGCG,16,additive
CCCCTCTCACGTGACTCGGTGCCGCGTGCTCCCAGG,15,additive
GAGGCCACCATGTGACAGAGCACATGGAACATGCAG,12,additive
CGTATGATGCACATGCACCCATGCTGTGTGAGCTCT,10,additive
AGGCCCGCACGCGGGCTCGAGCCGCGTGGAATGGTA,15,additive
CGAGCACGTGGGGTTGACGGGCGCCGCGTGGAGGCA,20,additive
GGTAGTCACGTGTCCGCGGGTGTCACGTGCTCGCGT,17,additive
GCGTCCACATGGCTTCAGGTGTTCACATGGCAGTAA,18,additive
CCCCCTCCACGTGACGACCCAGGACACATGCGCACC,17,additive
CACACAGCACATGCCTGATCACACGTGGGCGCTGGG,14,additive
GACGCACGTGCCCAGAGGAAGGGCCATGTGAGGACA,20,additive
GGGGCCGCGTGCCCGGGGCGGGGCCACGCGCGATTG,19,additive
GCCCCACGAGTCCCAGAGTGATCACATGCGGTACAT,18,additive
CAGGGCCCTCGTGTGCTTCCAGCACGTGAATCTGGG,15,additive
AGCGCGCATGTGCACCTCAGCCGGCCCACGAGGCCA,20,additive
CGAGCTGCACGCACACTCTCAACACGCGCCACCTCG,15,additive
TTCTCAGCCCACGTGTTCTCCCCCACGTGGGGTAGC,14,additive
TGCTGCCCCCTCGTGGCCGCACGTGTTACCGCAGGC,10,additive
TTCTTTCCCCACGTGGGTCCACGTGAGGCTCTGCCC,10,additive
TTTCGCGGCGTGGGCGGGGCCAGCACGCAGGTTGCA,15,additive
TGGTGGCCACGTGGGTGGTGACACGTGCCTGCTTGC,14,additive
CCGCCAACACGTGCGCGGACGCACGCACGCACTCCT,12,additive
TGTGCATGTGTGCGCGCCTGTGCTCATGCACGCCCC,18,additive
CAGGACGCGTGTGCCGGCCACAAGCGCGTGCACAGG,17,additive
CTTCGCGCATGTGACAGGCCCCAACGTGCACGATCT,15,additive
CACGTGATCACGTGCGTGGTCACATGGACCGGCCCA,12,additive
CTCACCGCACATGCGCGGAGCCGCGTGCGCAGCTGC,14,additive
ATAACTCCATGTGCTCATCGCCATGTGGTTTCTGCT,14,additive
CAAACCCTCATGTGCTCCTACCATGTGCTAGGCAGT,13,additive
CACTGAGCATGCGCCCCCATACGCGTGTGCCGCGCG,16,additive
CGAGCCGCGTGAAACGCAAGGCCCTCGTGTGTGCGC,18,additive
CCGCGAGCCCACGAGGCCCCGCGTGGTGTCACTGGG,10,additive
CATTTGCATGCGTTTGTGCATGCATGTGTGTGTCTG,16,additive
TTACACATCACATGGGGAGCAGCATGCTCCCACTGT,14,additive
CTGGGCCGGGGCGTGGCCACACGTGTGCTGGCTCTG,10,additive
ATCTGTAGCATGTGGCGAGCCCCCATGTGAGTGTGT,15,additive
TGCCTGACCATGTGTCAGGCCACGTGTCTGGTATTG,12,additive
CCTGACCACGTGGCTACTTTTCCCCCACATGCGGCG,19,additive
